{"synthetic": false,
 "schemaVersion": "2025-09-10",
 "outputs":
 {"o": ["f9dba6dd6439cc4e.olean"],
  "m": false,
  "i": "e14fbd81ce62ed37.ilean",
  "c": "bbb5f4bfca650e6e.c"},
 "log":
 [{"message":
   ".> LEAN_PATH=/Users/bg/Documents/algal/verify/lean/.lake/build/lib/lean /Users/bg/.elan/toolchains/leanprover--lean4---v4.34.0/bin/lean --threads=1 --memory=1024 /Users/bg/Documents/algal/verify/lean/Algal/Expr/Theorems.lean -o /Users/bg/Documents/algal/verify/lean/.lake/build/lib/lean/Algal/Expr/Theorems.olean -i /Users/bg/Documents/algal/verify/lean/.lake/build/lib/lean/Algal/Expr/Theorems.ilean -c /Users/bg/Documents/algal/verify/lean/.lake/build/ir/Algal/Expr/Theorems.c --setup /Users/bg/Documents/algal/verify/lean/.lake/build/ir/Algal/Expr/Theorems.setup.json --json",
   "level": "trace"},
  {"message":
   "Algal/Expr/Theorems.lean:249:8: `if_pos` has been deprecated: Use `ite_eq_left` instead",
   "level": "warning"},
  {"message":
   "Algal/Expr/Theorems.lean:251:8: `if_neg` has been deprecated: Use `ite_eq_right` instead",
   "level": "warning"},
  {"message":
   "Algal/Expr/Theorems.lean:270:14: `if_pos` has been deprecated: Use `ite_eq_left` instead",
   "level": "warning"},
  {"message":
   "Algal/Expr/Theorems.lean:271:14: `if_neg` has been deprecated: Use `ite_eq_right` instead",
   "level": "warning"},
  {"message":
   "Algal/Expr/Theorems.lean:273:16: `if_pos` has been deprecated: Use `ite_eq_left` instead",
   "level": "warning"},
  {"message":
   "Algal/Expr/Theorems.lean:274:16: `if_neg` has been deprecated: Use `ite_eq_right` instead",
   "level": "warning"},
  {"message":
   "Algal/Expr/Theorems.lean:286:8: `if_pos` has been deprecated: Use `ite_eq_left` instead",
   "level": "warning"},
  {"message":
   "Algal/Expr/Theorems.lean:287:8: `if_neg` has been deprecated: Use `ite_eq_right` instead",
   "level": "warning"},
  {"message":
   "Algal/Expr/Theorems.lean:303:14: `if_pos` has been deprecated: Use `ite_eq_left` instead",
   "level": "warning"},
  {"message":
   "Algal/Expr/Theorems.lean:304:14: `if_neg` has been deprecated: Use `ite_eq_right` instead",
   "level": "warning"},
  {"message":
   "Algal/Expr/Theorems.lean:306:16: `if_pos` has been deprecated: Use `ite_eq_left` instead",
   "level": "warning"},
  {"message":
   "Algal/Expr/Theorems.lean:307:16: `if_neg` has been deprecated: Use `ite_eq_right` instead",
   "level": "warning"},
  {"message":
   "Algal/Expr/Theorems.lean:321:30: This simp argument is unused:\n  List.length_nil\n\nHint: Omit it from the simp argument list.\n  [apply] simp (decide := true) [run, envBytes, envDepth, checkEnvValues, List.foldl]\n\nNote: This linter can be disabled with `set_option linter.unusedSimpArgs false`",
   "level": "warning"},
  {"message":
   "Algal/Expr/Theorems.lean:321:47: This simp argument is unused:\n  envBytes\n\nHint: Omit it from the simp argument list.\n  [apply] simp (decide := true) [run, List.length_nil, envDepth, checkEnvValues, List.foldl]\n\nNote: This linter can be disabled with `set_option linter.unusedSimpArgs false`",
   "level": "warning"},
  {"message":
   "Algal/Expr/Theorems.lean:321:57: This simp argument is unused:\n  envDepth\n\nHint: Omit it from the simp argument list.\n  [apply] simp (decide := true) [run, List.length_nil, envBytes, checkEnvValues, List.foldl]\n\nNote: This linter can be disabled with `set_option linter.unusedSimpArgs false`",
   "level": "warning"},
  {"message":
   "Algal/Expr/Theorems.lean:322:20: This simp argument is unused:\n  List.foldl\n\nHint: Omit it from the simp argument list.\n  [apply] simp (decide := true) [run, List.length_nil, envBytes, envDepth, checkEnvValues]\n\nNote: This linter can be disabled with `set_option linter.unusedSimpArgs false`",
   "level": "warning"},
  {"message":
   "Algal/Expr/Theorems.lean:344:25: This simp argument is unused:\n  Except.bind\n\nHint: Omit it from the simp argument list.\n  [apply] simp (decide := true) [Except.map, eval, itemsFromList, machine, postCheck, R_bind_eq, R_pure_eq, charge,\n    baseCost, checkArity, binderName, lookupName, OwnMap.lookup, Option.or, checkValue, valueBytes, bytesItems,\n    bytesFields, addValueBytes, itemsLength, itemsReverse, itemsReverseAux, arityWant, liftE, fail, failWith, charged,\n    admitNum, numberOfNat, numFloat, Binary64.admit]\n\nNote: This linter can be disabled with `set_option linter.unusedSimpArgs false`",
   "level": "warning"},
  {"message":
   "Algal/Expr/Theorems.lean:344:38: This simp argument is unused:\n  Except.map\n\nHint: Omit it from the simp argument list.\n  [apply] simp (decide := true) [Except.bind, eval, itemsFromList, machine, postCheck, R_bind_eq, R_pure_eq, charge,\n    baseCost, checkArity, binderName, lookupName, OwnMap.lookup, Option.or, checkValue, valueBytes, bytesItems,\n    bytesFields, addValueBytes, itemsLength, itemsReverse, itemsReverseAux, arityWant, liftE, fail, failWith, charged,\n    admitNum, numberOfNat, numFloat, Binary64.admit]\n\nNote: This linter can be disabled with `set_option linter.unusedSimpArgs false`",
   "level": "warning"},
  {"message":
   "Algal/Expr/Theorems.lean:345:33: This simp argument is unused:\n  checkArity\n\nHint: Omit it from the simp argument list.\n  [apply] simp (decide := true) [Except.bind, Except.map, eval, itemsFromList, machine, postCheck, R_bind_eq, R_pure_eq,\n    charge, baseCost, binderName, lookupName, OwnMap.lookup, Option.or, checkValue, valueBytes, bytesItems, bytesFields,\n    addValueBytes, itemsLength, itemsReverse, itemsReverseAux, arityWant, liftE, fail, failWith, charged, admitNum,\n    numberOfNat, numFloat, Binary64.admit]\n\nNote: This linter can be disabled with `set_option linter.unusedSimpArgs false`",
   "level": "warning"},
  {"message":
   "Algal/Expr/Theorems.lean:345:119: This simp argument is unused:\n  bytesItems\n\nHint: Omit it from the simp argument list.\n  [apply] simp (decide := true) [Except.bind, Except.map, eval, itemsFromList, machine, postCheck, R_bind_eq, R_pure_eq,\n    charge, baseCost, checkArity, binderName, lookupName, OwnMap.lookup, Option.or, checkValue, valueBytes, bytesFields,\n    addValueBytes, itemsLength, itemsReverse, itemsReverseAux, arityWant, liftE, fail, failWith, charged, admitNum,\n    numberOfNat, numFloat, Binary64.admit]\n\nNote: This linter can be disabled with `set_option linter.unusedSimpArgs false`",
   "level": "warning"},
  {"message":
   "Algal/Expr/Theorems.lean:345:131: This simp argument is unused:\n  bytesFields\n\nHint: Omit it from the simp argument list.\n  [apply] simp (decide := true) [Except.bind, Except.map, eval, itemsFromList, machine, postCheck, R_bind_eq, R_pure_eq,\n    charge, baseCost, checkArity, binderName, lookupName, OwnMap.lookup, Option.or, checkValue, valueBytes, bytesItems,\n    addValueBytes, itemsLength, itemsReverse, itemsReverseAux, arityWant, liftE, fail, failWith, charged, admitNum,\n    numberOfNat, numFloat, Binary64.admit]\n\nNote: This linter can be disabled with `set_option linter.unusedSimpArgs false`",
   "level": "warning"},
  {"message":
   "Algal/Expr/Theorems.lean:346:4: This simp argument is unused:\n  addValueBytes\n\nHint: Omit it from the simp argument list.\n  [apply] simp (decide := true) [Except.bind, Except.map, eval, itemsFromList, machine, postCheck, R_bind_eq, R_pure_eq,\n    charge, baseCost, checkArity, binderName, lookupName, OwnMap.lookup, Option.or, checkValue, valueBytes, bytesItems,\n    bytesFields, itemsLength, itemsReverse, itemsReverseAux, arityWant, liftE, fail, failWith, charged, admitNum,\n    numberOfNat, numFloat, Binary64.admit]\n\nNote: This linter can be disabled with `set_option linter.unusedSimpArgs false`",
   "level": "warning"},
  {"message":
   "Algal/Expr/Theorems.lean:346:32: This simp argument is unused:\n  itemsReverse\n\nHint: Omit it from the simp argument list.\n  [apply] simp (decide := true) [Except.bind, Except.map, eval, itemsFromList, machine, postCheck, R_bind_eq, R_pure_eq,\n    charge, baseCost, checkArity, binderName, lookupName, OwnMap.lookup, Option.or, checkValue, valueBytes, bytesItems,\n    bytesFields, addValueBytes, itemsLength, itemsReverseAux, arityWant, liftE, fail, failWith, charged, admitNum,\n    numberOfNat, numFloat, Binary64.admit]\n\nNote: This linter can be disabled with `set_option linter.unusedSimpArgs false`",
   "level": "warning"},
  {"message":
   "Algal/Expr/Theorems.lean:346:46: This simp argument is unused:\n  itemsReverseAux\n\nHint: Omit it from the simp argument list.\n  [apply] simp (decide := true) [Except.bind, Except.map, eval, itemsFromList, machine, postCheck, R_bind_eq, R_pure_eq,\n    charge, baseCost, checkArity, binderName, lookupName, OwnMap.lookup, Option.or, checkValue, valueBytes, bytesItems,\n    bytesFields, addValueBytes, itemsLength, itemsReverse, arityWant, liftE, fail, failWith, charged, admitNum,\n    numberOfNat, numFloat, Binary64.admit]\n\nNote: This linter can be disabled with `set_option linter.unusedSimpArgs false`",
   "level": "warning"},
  {"message":
   "Algal/Expr/Theorems.lean:346:63: This simp argument is unused:\n  arityWant\n\nHint: Omit it from the simp argument list.\n  [apply] simp (decide := true) [Except.bind, Except.map, eval, itemsFromList, machine, postCheck, R_bind_eq, R_pure_eq,\n    charge, baseCost, checkArity, binderName, lookupName, OwnMap.lookup, Option.or, checkValue, valueBytes, bytesItems,\n    bytesFields, addValueBytes, itemsLength, itemsReverse, itemsReverseAux, liftE, fail, failWith, charged, admitNum,\n    numberOfNat, numFloat, Binary64.admit]\n\nNote: This linter can be disabled with `set_option linter.unusedSimpArgs false`",
   "level": "warning"},
  {"message":
   "Algal/Expr/Theorems.lean:347:4: This simp argument is unused:\n  liftE\n\nHint: Omit it from the simp argument list.\n  [apply] simp (decide := true) [Except.bind, Except.map, eval, itemsFromList, machine, postCheck, R_bind_eq, R_pure_eq,\n    charge, baseCost, checkArity, binderName, lookupName, OwnMap.lookup, Option.or, checkValue, valueBytes, bytesItems,\n    bytesFields, addValueBytes, itemsLength, itemsReverse, itemsReverseAux, arityWant, fail, failWith, charged,\n    admitNum, numberOfNat, numFloat, Binary64.admit]\n\nNote: This linter can be disabled with `set_option linter.unusedSimpArgs false`",
   "level": "warning"},
  {"message":
   "Algal/Expr/Theorems.lean:347:17: This simp argument is unused:\n  failWith\n\nHint: Omit it from the simp argument list.\n  [apply] simp (decide := true) [Except.bind, Except.map, eval, itemsFromList, machine, postCheck, R_bind_eq, R_pure_eq,\n    charge, baseCost, checkArity, binderName, lookupName, OwnMap.lookup, Option.or, checkValue, valueBytes, bytesItems,\n    bytesFields, addValueBytes, itemsLength, itemsReverse, itemsReverseAux, arityWant, liftE, fail, charged, admitNum,\n    numberOfNat, numFloat, Binary64.admit]\n\nNote: This linter can be disabled with `set_option linter.unusedSimpArgs false`",
   "level": "warning"},
  {"message":
   "Algal/Expr/Theorems.lean:347:27: This simp argument is unused:\n  charged\n\nHint: Omit it from the simp argument list.\n  [apply] simp (decide := true) [Except.bind, Except.map, eval, itemsFromList, machine, postCheck, R_bind_eq, R_pure_eq,\n    charge, baseCost, checkArity, binderName, lookupName, OwnMap.lookup, Option.or, checkValue, valueBytes, bytesItems,\n    bytesFields, addValueBytes, itemsLength, itemsReverse, itemsReverseAux, arityWant, liftE, fail, failWith, admitNum,\n    numberOfNat, numFloat, Binary64.admit]\n\nNote: This linter can be disabled with `set_option linter.unusedSimpArgs false`",
   "level": "warning"},
  {"message":
   "Algal/Expr/Theorems.lean:347:36: This simp argument is unused:\n  admitNum\n\nHint: Omit it from the simp argument list.\n  [apply] simp (decide := true) [Except.bind, Except.map, eval, itemsFromList, machine, postCheck, R_bind_eq, R_pure_eq,\n    charge, baseCost, checkArity, binderName, lookupName, OwnMap.lookup, Option.or, checkValue, valueBytes, bytesItems,\n    bytesFields, addValueBytes, itemsLength, itemsReverse, itemsReverseAux, arityWant, liftE, fail, failWith, charged,\n    numberOfNat, numFloat, Binary64.admit]\n\nNote: This linter can be disabled with `set_option linter.unusedSimpArgs false`",
   "level": "warning"},
  {"message":
   "Algal/Expr/Theorems.lean:347:59: This simp argument is unused:\n  numFloat\n\nHint: Omit it from the simp argument list.\n  [apply] simp (decide := true) [Except.bind, Except.map, eval, itemsFromList, machine, postCheck, R_bind_eq, R_pure_eq,\n    charge, baseCost, checkArity, binderName, lookupName, OwnMap.lookup, Option.or, checkValue, valueBytes, bytesItems,\n    bytesFields, addValueBytes, itemsLength, itemsReverse, itemsReverseAux, arityWant, liftE, fail, failWith, charged,\n    admitNum, numberOfNat, Binary64.admit]\n\nNote: This linter can be disabled with `set_option linter.unusedSimpArgs false`",
   "level": "warning"},
  {"message":
   "Algal/Expr/Theorems.lean:357:25: This simp argument is unused:\n  Except.bind\n\nHint: Omit it from the simp argument list.\n  [apply] simp (decide := true) [Except.map, eval, itemsFromList, machine, postCheck, R_bind_eq, R_pure_eq, charge,\n    baseCost, checkArity, binderName, lookupName, OwnMap.lookup, Option.or, checkValue, valueBytes, bytesItems,\n    bytesFields, addValueBytes, itemsLength, itemsReverse, itemsReverseAux, arityWant, liftE, fail, failWith, charged,\n    admitNum, numberOfNat, numFloat, Binary64.admit, Env]\n\nNote: This linter can be disabled with `set_option linter.unusedSimpArgs false`",
   "level": "warning"},
  {"message":
   "Algal/Expr/Theorems.lean:357:38: This simp argument is unused:\n  Except.map\n\nHint: Omit it from the simp argument list.\n  [apply] simp (decide := true) [Except.bind, eval, itemsFromList, machine, postCheck, R_bind_eq, R_pure_eq, charge,\n    baseCost, checkArity, binderName, lookupName, OwnMap.lookup, Option.or, checkValue, valueBytes, bytesItems,\n    bytesFields, addValueBytes, itemsLength, itemsReverse, itemsReverseAux, arityWant, liftE, fail, failWith, charged,\n    admitNum, numberOfNat, numFloat, Binary64.admit, Env]\n\nNote: This linter can be disabled with `set_option linter.unusedSimpArgs false`",
   "level": "warning"},
  {"message":
   "Algal/Expr/Theorems.lean:358:33: This simp argument is unused:\n  checkArity\n\nHint: Omit it from the simp argument list.\n  [apply] simp (decide := true) [Except.bind, Except.map, eval, itemsFromList, machine, postCheck, R_bind_eq, R_pure_eq,\n    charge, baseCost, binderName, lookupName, OwnMap.lookup, Option.or, checkValue, valueBytes, bytesItems, bytesFields,\n    addValueBytes, itemsLength, itemsReverse, itemsReverseAux, arityWant, liftE, fail, failWith, charged, admitNum,\n    numberOfNat, numFloat, Binary64.admit, Env]\n\nNote: This linter can be disabled with `set_option linter.unusedSimpArgs false`",
   "level": "warning"},
  {"message":
   "Algal/Expr/Theorems.lean:358:119: This simp argument is unused:\n  bytesItems\n\nHint: Omit it from the simp argument list.\n  [apply] simp (decide := true) [Except.bind, Except.map, eval, itemsFromList, machine, postCheck, R_bind_eq, R_pure_eq,\n    charge, baseCost, checkArity, binderName, lookupName, OwnMap.lookup, Option.or, checkValue, valueBytes, bytesFields,\n    addValueBytes, itemsLength, itemsReverse, itemsReverseAux, arityWant, liftE, fail, failWith, charged, admitNum,\n    numberOfNat, numFloat, Binary64.admit, Env]\n\nNote: This linter can be disabled with `set_option linter.unusedSimpArgs false`",
   "level": "warning"},
  {"message":
   "Algal/Expr/Theorems.lean:358:131: This simp argument is unused:\n  bytesFields\n\nHint: Omit it from the simp argument list.\n  [apply] simp (decide := true) [Except.bind, Except.map, eval, itemsFromList, machine, postCheck, R_bind_eq, R_pure_eq,\n    charge, baseCost, checkArity, binderName, lookupName, OwnMap.lookup, Option.or, checkValue, valueBytes, bytesItems,\n    addValueBytes, itemsLength, itemsReverse, itemsReverseAux, arityWant, liftE, fail, failWith, charged, admitNum,\n    numberOfNat, numFloat, Binary64.admit, Env]\n\nNote: This linter can be disabled with `set_option linter.unusedSimpArgs false`",
   "level": "warning"},
  {"message":
   "Algal/Expr/Theorems.lean:359:4: This simp argument is unused:\n  addValueBytes\n\nHint: Omit it from the simp argument list.\n  [apply] simp (decide := true) [Except.bind, Except.map, eval, itemsFromList, machine, postCheck, R_bind_eq, R_pure_eq,\n    charge, baseCost, checkArity, binderName, lookupName, OwnMap.lookup, Option.or, checkValue, valueBytes, bytesItems,\n    bytesFields, itemsLength, itemsReverse, itemsReverseAux, arityWant, liftE, fail, failWith, charged, admitNum,\n    numberOfNat, numFloat, Binary64.admit, Env]\n\nNote: This linter can be disabled with `set_option linter.unusedSimpArgs false`",
   "level": "warning"},
  {"message":
   "Algal/Expr/Theorems.lean:359:32: This simp argument is unused:\n  itemsReverse\n\nHint: Omit it from the simp argument list.\n  [apply] simp (decide := true) [Except.bind, Except.map, eval, itemsFromList, machine, postCheck, R_bind_eq, R_pure_eq,\n    charge, baseCost, checkArity, binderName, lookupName, OwnMap.lookup, Option.or, checkValue, valueBytes, bytesItems,\n    bytesFields, addValueBytes, itemsLength, itemsReverseAux, arityWant, liftE, fail, failWith, charged, admitNum,\n    numberOfNat, numFloat, Binary64.admit, Env]\n\nNote: This linter can be disabled with `set_option linter.unusedSimpArgs false`",
   "level": "warning"},
  {"message":
   "Algal/Expr/Theorems.lean:359:46: This simp argument is unused:\n  itemsReverseAux\n\nHint: Omit it from the simp argument list.\n  [apply] simp (decide := true) [Except.bind, Except.map, eval, itemsFromList, machine, postCheck, R_bind_eq, R_pure_eq,\n    charge, baseCost, checkArity, binderName, lookupName, OwnMap.lookup, Option.or, checkValue, valueBytes, bytesItems,\n    bytesFields, addValueBytes, itemsLength, itemsReverse, arityWant, liftE, fail, failWith, charged, admitNum,\n    numberOfNat, numFloat, Binary64.admit, Env]\n\nNote: This linter can be disabled with `set_option linter.unusedSimpArgs false`",
   "level": "warning"},
  {"message":
   "Algal/Expr/Theorems.lean:359:63: This simp argument is unused:\n  arityWant\n\nHint: Omit it from the simp argument list.\n  [apply] simp (decide := true) [Except.bind, Except.map, eval, itemsFromList, machine, postCheck, R_bind_eq, R_pure_eq,\n    charge, baseCost, checkArity, binderName, lookupName, OwnMap.lookup, Option.or, checkValue, valueBytes, bytesItems,\n    bytesFields, addValueBytes, itemsLength, itemsReverse, itemsReverseAux, liftE, fail, failWith, charged, admitNum,\n    numberOfNat, numFloat, Binary64.admit, Env]\n\nNote: This linter can be disabled with `set_option linter.unusedSimpArgs false`",
   "level": "warning"},
  {"message":
   "Algal/Expr/Theorems.lean:360:4: This simp argument is unused:\n  liftE\n\nHint: Omit it from the simp argument list.\n  [apply] simp (decide := true) [Except.bind, Except.map, eval, itemsFromList, machine, postCheck, R_bind_eq, R_pure_eq,\n    charge, baseCost, checkArity, binderName, lookupName, OwnMap.lookup, Option.or, checkValue, valueBytes, bytesItems,\n    bytesFields, addValueBytes, itemsLength, itemsReverse, itemsReverseAux, arityWant, fail, failWith, charged,\n    admitNum, numberOfNat, numFloat, Binary64.admit, Env]\n\nNote: This linter can be disabled with `set_option linter.unusedSimpArgs false`",
   "level": "warning"},
  {"message":
   "Algal/Expr/Theorems.lean:360:17: This simp argument is unused:\n  failWith\n\nHint: Omit it from the simp argument list.\n  [apply] simp (decide := true) [Except.bind, Except.map, eval, itemsFromList, machine, postCheck, R_bind_eq, R_pure_eq,\n    charge, baseCost, checkArity, binderName, lookupName, OwnMap.lookup, Option.or, checkValue, valueBytes, bytesItems,\n    bytesFields, addValueBytes, itemsLength, itemsReverse, itemsReverseAux, arityWant, liftE, fail, charged, admitNum,\n    numberOfNat, numFloat, Binary64.admit, Env]\n\nNote: This linter can be disabled with `set_option linter.unusedSimpArgs false`",
   "level": "warning"},
  {"message":
   "Algal/Expr/Theorems.lean:360:27: This simp argument is unused:\n  charged\n\nHint: Omit it from the simp argument list.\n  [apply] simp (decide := true) [Except.bind, Except.map, eval, itemsFromList, machine, postCheck, R_bind_eq, R_pure_eq,\n    charge, baseCost, checkArity, binderName, lookupName, OwnMap.lookup, Option.or, checkValue, valueBytes, bytesItems,\n    bytesFields, addValueBytes, itemsLength, itemsReverse, itemsReverseAux, arityWant, liftE, fail, failWith, admitNum,\n    numberOfNat, numFloat, Binary64.admit, Env]\n\nNote: This linter can be disabled with `set_option linter.unusedSimpArgs false`",
   "level": "warning"},
  {"message":
   "Algal/Expr/Theorems.lean:360:36: This simp argument is unused:\n  admitNum\n\nHint: Omit it from the simp argument list.\n  [apply] simp (decide := true) [Except.bind, Except.map, eval, itemsFromList, machine, postCheck, R_bind_eq, R_pure_eq,\n    charge, baseCost, checkArity, binderName, lookupName, OwnMap.lookup, Option.or, checkValue, valueBytes, bytesItems,\n    bytesFields, addValueBytes, itemsLength, itemsReverse, itemsReverseAux, arityWant, liftE, fail, failWith, charged,\n    numberOfNat, numFloat, Binary64.admit, Env]\n\nNote: This linter can be disabled with `set_option linter.unusedSimpArgs false`",
   "level": "warning"},
  {"message":
   "Algal/Expr/Theorems.lean:360:59: This simp argument is unused:\n  numFloat\n\nHint: Omit it from the simp argument list.\n  [apply] simp (decide := true) [Except.bind, Except.map, eval, itemsFromList, machine, postCheck, R_bind_eq, R_pure_eq,\n    charge, baseCost, checkArity, binderName, lookupName, OwnMap.lookup, Option.or, checkValue, valueBytes, bytesItems,\n    bytesFields, addValueBytes, itemsLength, itemsReverse, itemsReverseAux, arityWant, liftE, fail, failWith, charged,\n    admitNum, numberOfNat, Binary64.admit, Env]\n\nNote: This linter can be disabled with `set_option linter.unusedSimpArgs false`",
   "level": "warning"},
  {"message":
   "Algal/Expr/Theorems.lean:361:20: This simp argument is unused:\n  Env\n\nHint: Omit it from the simp argument list.\n  [apply] simp (decide := true) [Except.bind, Except.map, eval, itemsFromList, machine, postCheck, R_bind_eq, R_pure_eq,\n    charge, baseCost, checkArity, binderName, lookupName, OwnMap.lookup, Option.or, checkValue, valueBytes, bytesItems,\n    bytesFields, addValueBytes, itemsLength, itemsReverse, itemsReverseAux, arityWant, liftE, fail, failWith, charged,\n    admitNum, numberOfNat, numFloat, Binary64.admit]\n\nNote: This linter can be disabled with `set_option linter.unusedSimpArgs false`",
   "level": "warning"},
  {"message":
   "Algal/Expr/Theorems.lean:374:60: This simp argument is unused:\n  Except.map\n\nHint: Omit it from the simp argument list.\n  [apply] simp (decide := true) [Bind.bind, Pure.pure, Except.bind, eval, itemsFromList, machine, postCheck, R_bind_eq,\n    R_pure_eq, charge, baseCost, checkArity, binderName, lookupName, OwnMap.lookup, Option.or, checkValue, valueBytes,\n    bytesItems, bytesFields, addValueBytes, itemsLength, itemsReverse, itemsReverseAux, arityWant, liftE, fail,\n    failWith, charged, admitNum, numberOfNat, numFloat, Binary64.admit, asList, listCount, listsOnto, itemsAppend,\n    errPathWhat, errWith]\n\nNote: This linter can be disabled with `set_option linter.unusedSimpArgs false`",
   "level": "warning"},
  {"message":
   "Algal/Expr/Theorems.lean:375:39: This simp argument is unused:\n  R_bind_eq\n\nHint: Omit it from the simp argument list.\n  [apply] simp (decide := true) [Bind.bind, Pure.pure, Except.bind, Except.map, eval, itemsFromList, machine, postCheck,\n    R_pure_eq, charge, baseCost, checkArity, binderName, lookupName, OwnMap.lookup, Option.or, checkValue, valueBytes,\n    bytesItems, bytesFields, addValueBytes, itemsLength, itemsReverse, itemsReverseAux, arityWant, liftE, fail,\n    failWith, charged, admitNum, numberOfNat, numFloat, Binary64.admit, asList, listCount, listsOnto, itemsAppend,\n    errPathWhat, errWith]\n\nNote: This linter can be disabled with `set_option linter.unusedSimpArgs false`",
   "level": "warning"},
  {"message":
   "Algal/Expr/Theorems.lean:375:50: This simp argument is unused:\n  R_pure_eq\n\nHint: Omit it from the simp argument list.\n  [apply] simp (decide := true) [Bind.bind, Pure.pure, Except.bind, Except.map, eval, itemsFromList, machine, postCheck,\n    R_bind_eq, charge, baseCost, checkArity, binderName, lookupName, OwnMap.lookup, Option.or, checkValue, valueBytes,\n    bytesItems, bytesFields, addValueBytes, itemsLength, itemsReverse, itemsReverseAux, arityWant, liftE, fail,\n    failWith, charged, admitNum, numberOfNat, numFloat, Binary64.admit, asList, listCount, listsOnto, itemsAppend,\n    errPathWhat, errWith]\n\nNote: This linter can be disabled with `set_option linter.unusedSimpArgs false`",
   "level": "warning"},
  {"message":
   "Algal/Expr/Theorems.lean:377:28: This simp argument is unused:\n  bytesFields\n\nHint: Omit it from the simp argument list.\n  [apply] simp (decide := true) [Bind.bind, Pure.pure, Except.bind, Except.map, eval, itemsFromList, machine, postCheck,\n    R_bind_eq, R_pure_eq, charge, baseCost, checkArity, binderName, lookupName, OwnMap.lookup, Option.or, checkValue,\n    valueBytes, bytesItems, addValueBytes, itemsLength, itemsReverse, itemsReverseAux, arityWant, liftE, fail, failWith,\n    charged, admitNum, numberOfNat, numFloat, Binary64.admit, asList, listCount, listsOnto, itemsAppend, errPathWhat,\n    errWith]\n\nNote: This linter can be disabled with `set_option linter.unusedSimpArgs false`",
   "level": "warning"},
  {"message":
   "Algal/Expr/Theorems.lean:378:35: This simp argument is unused:\n  arityWant\n\nHint: Omit it from the simp argument list.\n  [apply] simp (decide := true) [Bind.bind, Pure.pure, Except.bind, Except.map, eval, itemsFromList, machine, postCheck,\n    R_bind_eq, R_pure_eq, charge, baseCost, checkArity, binderName, lookupName, OwnMap.lookup, Option.or, checkValue,\n    valueBytes, bytesItems, bytesFields, addValueBytes, itemsLength, itemsReverse, itemsReverseAux, liftE, fail,\n    failWith, charged, admitNum, numberOfNat, numFloat, Binary64.admit, asList, listCount, listsOnto, itemsAppend,\n    errPathWhat, errWith]\n\nNote: This linter can be disabled with `set_option linter.unusedSimpArgs false`",
   "level": "warning"},
  {"message":
   "Algal/Expr/Theorems.lean:378:59: This simp argument is unused:\n  failWith\n\nHint: Omit it from the simp argument list.\n  [apply] simp (decide := true) [Bind.bind, Pure.pure, Except.bind, Except.map, eval, itemsFromList, machine, postCheck,\n    R_bind_eq, R_pure_eq, charge, baseCost, checkArity, binderName, lookupName, OwnMap.lookup, Option.or, checkValue,\n    valueBytes, bytesItems, bytesFields, addValueBytes, itemsLength, itemsReverse, itemsReverseAux, arityWant, liftE,\n    fail, charged, admitNum, numberOfNat, numFloat, Binary64.admit, asList, listCount, listsOnto, itemsAppend,\n    errPathWhat, errWith]\n\nNote: This linter can be disabled with `set_option linter.unusedSimpArgs false`",
   "level": "warning"},
  {"message":
   "Algal/Expr/Theorems.lean:378:69: This simp argument is unused:\n  charged\n\nHint: Omit it from the simp argument list.\n  [apply] simp (decide := true) [Bind.bind, Pure.pure, Except.bind, Except.map, eval, itemsFromList, machine, postCheck,\n    R_bind_eq, R_pure_eq, charge, baseCost, checkArity, binderName, lookupName, OwnMap.lookup, Option.or, checkValue,\n    valueBytes, bytesItems, bytesFields, addValueBytes, itemsLength, itemsReverse, itemsReverseAux, arityWant, liftE,\n    fail, failWith, admitNum, numberOfNat, numFloat, Binary64.admit, asList, listCount, listsOnto, itemsAppend,\n    errPathWhat, errWith]\n\nNote: This linter can be disabled with `set_option linter.unusedSimpArgs false`",
   "level": "warning"},
  {"message":
   "Algal/Expr/Theorems.lean:379:4: This simp argument is unused:\n  admitNum\n\nHint: Omit it from the simp argument list.\n  [apply] simp (decide := true) [Bind.bind, Pure.pure, Except.bind, Except.map, eval, itemsFromList, machine, postCheck,\n    R_bind_eq, R_pure_eq, charge, baseCost, checkArity, binderName, lookupName, OwnMap.lookup, Option.or, checkValue,\n    valueBytes, bytesItems, bytesFields, addValueBytes, itemsLength, itemsReverse, itemsReverseAux, arityWant, liftE,\n    fail, failWith, charged, numberOfNat, numFloat, Binary64.admit, asList, listCount, listsOnto, itemsAppend,\n    errPathWhat, errWith]\n\nNote: This linter can be disabled with `set_option linter.unusedSimpArgs false`",
   "level": "warning"},
  {"message":
   "Algal/Expr/Theorems.lean:379:27: This simp argument is unused:\n  numFloat\n\nHint: Omit it from the simp argument list.\n  [apply] simp (decide := true) [Bind.bind, Pure.pure, Except.bind, Except.map, eval, itemsFromList, machine, postCheck,\n    R_bind_eq, R_pure_eq, charge, baseCost, checkArity, binderName, lookupName, OwnMap.lookup, Option.or, checkValue,\n    valueBytes, bytesItems, bytesFields, addValueBytes, itemsLength, itemsReverse, itemsReverseAux, arityWant, liftE,\n    fail, failWith, charged, admitNum, numberOfNat, Binary64.admit, asList, listCount, listsOnto, itemsAppend,\n    errPathWhat, errWith]\n\nNote: This linter can be disabled with `set_option linter.unusedSimpArgs false`",
   "level": "warning"},
  {"message":
   "Algal/Expr/Theorems.lean:379:53: This simp argument is unused:\n  asList\n\nHint: Omit it from the simp argument list.\n  [apply] simp (decide := true) [Bind.bind, Pure.pure, Except.bind, Except.map, eval, itemsFromList, machine, postCheck,\n    R_bind_eq, R_pure_eq, charge, baseCost, checkArity, binderName, lookupName, OwnMap.lookup, Option.or, checkValue,\n    valueBytes, bytesItems, bytesFields, addValueBytes, itemsLength, itemsReverse, itemsReverseAux, arityWant, liftE,\n    fail, failWith, charged, admitNum, numberOfNat, numFloat, Binary64.admit, listCount, listsOnto, itemsAppend,\n    errPathWhat, errWith]\n\nNote: This linter can be disabled with `set_option linter.unusedSimpArgs false`",
   "level": "warning"},
  {"message":
   "Algal/Expr/Theorems.lean:379:61: This simp argument is unused:\n  listCount\n\nHint: Omit it from the simp argument list.\n  [apply] simp (decide := true) [Bind.bind, Pure.pure, Except.bind, Except.map, eval, itemsFromList, machine, postCheck,\n    R_bind_eq, R_pure_eq, charge, baseCost, checkArity, binderName, lookupName, OwnMap.lookup, Option.or, checkValue,\n    valueBytes, bytesItems, bytesFields, addValueBytes, itemsLength, itemsReverse, itemsReverseAux, arityWant, liftE,\n    fail, failWith, charged, admitNum, numberOfNat, numFloat, Binary64.admit, asList, listsOnto, itemsAppend,\n    errPathWhat, errWith]\n\nNote: This linter can be disabled with `set_option linter.unusedSimpArgs false`",
   "level": "warning"},
  {"message":
   "Algal/Expr/Theorems.lean:380:4: This simp argument is unused:\n  listsOnto\n\nHint: Omit it from the simp argument list.\n  [apply] simp (decide := true) [Bind.bind, Pure.pure, Except.bind, Except.map, eval, itemsFromList, machine, postCheck,\n    R_bind_eq, R_pure_eq, charge, baseCost, checkArity, binderName, lookupName, OwnMap.lookup, Option.or, checkValue,\n    valueBytes, bytesItems, bytesFields, addValueBytes, itemsLength, itemsReverse, itemsReverseAux, arityWant, liftE,\n    fail, failWith, charged, admitNum, numberOfNat, numFloat, Binary64.admit, asList, listCount, itemsAppend,\n    errPathWhat, errWith]\n\nNote: This linter can be disabled with `set_option linter.unusedSimpArgs false`",
   "level": "warning"},
  {"message":
   "Algal/Expr/Theorems.lean:380:15: This simp argument is unused:\n  itemsAppend\n\nHint: Omit it from the simp argument list.\n  [apply] simp (decide := true) [Bind.bind, Pure.pure, Except.bind, Except.map, eval, itemsFromList, machine, postCheck,\n    R_bind_eq, R_pure_eq, charge, baseCost, checkArity, binderName, lookupName, OwnMap.lookup, Option.or, checkValue,\n    valueBytes, bytesItems, bytesFields, addValueBytes, itemsLength, itemsReverse, itemsReverseAux, arityWant, liftE,\n    fail, failWith, charged, admitNum, numberOfNat, numFloat, Binary64.admit, asList, listCount, listsOnto, errPathWhat,\n    errWith]\n\nNote: This linter can be disabled with `set_option linter.unusedSimpArgs false`",
   "level": "warning"},
  {"message":
   "Algal/Expr/Theorems.lean:390:60: This simp argument is unused:\n  Except.map\n\nHint: Omit it from the simp argument list.\n  [apply] simp (decide := true) [Bind.bind, Pure.pure, Except.bind, eval, itemsFromList, machine, postCheck, R_bind_eq,\n    R_pure_eq, charge, baseCost, checkArity, binderName, lookupName, OwnMap.lookup, Option.or, checkValue, valueBytes,\n    bytesItems, bytesFields, addValueBytes, itemsLength, itemsReverse, itemsReverseAux, arityWant, liftE, fail,\n    failWith, charged, admitNum, numberOfNat, numFloat, Binary64.admit, asList, itemsAppend]\n\nNote: This linter can be disabled with `set_option linter.unusedSimpArgs false`",
   "level": "warning"},
  {"message":
   "Algal/Expr/Theorems.lean:391:39: This simp argument is unused:\n  R_bind_eq\n\nHint: Omit it from the simp argument list.\n  [apply] simp (decide := true) [Bind.bind, Pure.pure, Except.bind, Except.map, eval, itemsFromList, machine, postCheck,\n    R_pure_eq, charge, baseCost, checkArity, binderName, lookupName, OwnMap.lookup, Option.or, checkValue, valueBytes,\n    bytesItems, bytesFields, addValueBytes, itemsLength, itemsReverse, itemsReverseAux, arityWant, liftE, fail,\n    failWith, charged, admitNum, numberOfNat, numFloat, Binary64.admit, asList, itemsAppend]\n\nNote: This linter can be disabled with `set_option linter.unusedSimpArgs false`",
   "level": "warning"},
  {"message":
   "Algal/Expr/Theorems.lean:391:50: This simp argument is unused:\n  R_pure_eq\n\nHint: Omit it from the simp argument list.\n  [apply] simp (decide := true) [Bind.bind, Pure.pure, Except.bind, Except.map, eval, itemsFromList, machine, postCheck,\n    R_bind_eq, charge, baseCost, checkArity, binderName, lookupName, OwnMap.lookup, Option.or, checkValue, valueBytes,\n    bytesItems, bytesFields, addValueBytes, itemsLength, itemsReverse, itemsReverseAux, arityWant, liftE, fail,\n    failWith, charged, admitNum, numberOfNat, numFloat, Binary64.admit, asList, itemsAppend]\n\nNote: This linter can be disabled with `set_option linter.unusedSimpArgs false`",
   "level": "warning"},
  {"message":
   "Algal/Expr/Theorems.lean:392:4: This simp argument is unused:\n  checkArity\n\nHint: Omit it from the simp argument list.\n  [apply] simp (decide := true) [Bind.bind, Pure.pure, Except.bind, Except.map, eval, itemsFromList, machine, postCheck,\n    R_bind_eq, R_pure_eq, charge, baseCost, binderName, lookupName, OwnMap.lookup, Option.or, checkValue, valueBytes,\n    bytesItems, bytesFields, addValueBytes, itemsLength, itemsReverse, itemsReverseAux, arityWant, liftE, fail,\n    failWith, charged, admitNum, numberOfNat, numFloat, Binary64.admit, asList, itemsAppend]\n\nNote: This linter can be disabled with `set_option linter.unusedSimpArgs false`",
   "level": "warning"},
  {"message":
   "Algal/Expr/Theorems.lean:393:28: This simp argument is unused:\n  bytesFields\n\nHint: Omit it from the simp argument list.\n  [apply] simp (decide := true) [Bind.bind, Pure.pure, Except.bind, Except.map, eval, itemsFromList, machine, postCheck,\n    R_bind_eq, R_pure_eq, charge, baseCost, checkArity, binderName, lookupName, OwnMap.lookup, Option.or, checkValue,\n    valueBytes, bytesItems, addValueBytes, itemsLength, itemsReverse, itemsReverseAux, arityWant, liftE, fail, failWith,\n    charged, admitNum, numberOfNat, numFloat, Binary64.admit, asList, itemsAppend]\n\nNote: This linter can be disabled with `set_option linter.unusedSimpArgs false`",
   "level": "warning"},
  {"message":
   "Algal/Expr/Theorems.lean:394:35: This simp argument is unused:\n  arityWant\n\nHint: Omit it from the simp argument list.\n  [apply] simp (decide := true) [Bind.bind, Pure.pure, Except.bind, Except.map, eval, itemsFromList, machine, postCheck,\n    R_bind_eq, R_pure_eq, charge, baseCost, checkArity, binderName, lookupName, OwnMap.lookup, Option.or, checkValue,\n    valueBytes, bytesItems, bytesFields, addValueBytes, itemsLength, itemsReverse, itemsReverseAux, liftE, fail,\n    failWith, charged, admitNum, numberOfNat, numFloat, Binary64.admit, asList, itemsAppend]\n\nNote: This linter can be disabled with `set_option linter.unusedSimpArgs false`",
   "level": "warning"},
  {"message":
   "Algal/Expr/Theorems.lean:394:53: This simp argument is unused:\n  fail\n\nHint: Omit it from the simp argument list.\n  [apply] simp (decide := true) [Bind.bind, Pure.pure, Except.bind, Except.map, eval, itemsFromList, machine, postCheck,\n    R_bind_eq, R_pure_eq, charge, baseCost, checkArity, binderName, lookupName, OwnMap.lookup, Option.or, checkValue,\n    valueBytes, bytesItems, bytesFields, addValueBytes, itemsLength, itemsReverse, itemsReverseAux, arityWant, liftE,\n    failWith, charged, admitNum, numberOfNat, numFloat, Binary64.admit, asList, itemsAppend]\n\nNote: This linter can be disabled with `set_option linter.unusedSimpArgs false`",
   "level": "warning"},
  {"message":
   "Algal/Expr/Theorems.lean:394:59: This simp argument is unused:\n  failWith\n\nHint: Omit it from the simp argument list.\n  [apply] simp (decide := true) [Bind.bind, Pure.pure, Except.bind, Except.map, eval, itemsFromList, machine, postCheck,\n    R_bind_eq, R_pure_eq, charge, baseCost, checkArity, binderName, lookupName, OwnMap.lookup, Option.or, checkValue,\n    valueBytes, bytesItems, bytesFields, addValueBytes, itemsLength, itemsReverse, itemsReverseAux, arityWant, liftE,\n    fail, charged, admitNum, numberOfNat, numFloat, Binary64.admit, asList, itemsAppend]\n\nNote: This linter can be disabled with `set_option linter.unusedSimpArgs false`",
   "level": "warning"},
  {"message":
   "Algal/Expr/Theorems.lean:394:69: This simp argument is unused:\n  charged\n\nHint: Omit it from the simp argument list.\n  [apply] simp (decide := true) [Bind.bind, Pure.pure, Except.bind, Except.map, eval, itemsFromList, machine, postCheck,\n    R_bind_eq, R_pure_eq, charge, baseCost, checkArity, binderName, lookupName, OwnMap.lookup, Option.or, checkValue,\n    valueBytes, bytesItems, bytesFields, addValueBytes, itemsLength, itemsReverse, itemsReverseAux, arityWant, liftE,\n    fail, failWith, admitNum, numberOfNat, numFloat, Binary64.admit, asList, itemsAppend]\n\nNote: This linter can be disabled with `set_option linter.unusedSimpArgs false`",
   "level": "warning"},
  {"message":
   "Algal/Expr/Theorems.lean:395:4: This simp argument is unused:\n  admitNum\n\nHint: Omit it from the simp argument list.\n  [apply] simp (decide := true) [Bind.bind, Pure.pure, Except.bind, Except.map, eval, itemsFromList, machine, postCheck,\n    R_bind_eq, R_pure_eq, charge, baseCost, checkArity, binderName, lookupName, OwnMap.lookup, Option.or, checkValue,\n    valueBytes, bytesItems, bytesFields, addValueBytes, itemsLength, itemsReverse, itemsReverseAux, arityWant, liftE,\n    fail, failWith, charged, numberOfNat, numFloat, Binary64.admit, asList, itemsAppend]\n\nNote: This linter can be disabled with `set_option linter.unusedSimpArgs false`",
   "level": "warning"},
  {"message":
   "Algal/Expr/Theorems.lean:395:27: This simp argument is unused:\n  numFloat\n\nHint: Omit it from the simp argument list.\n  [apply] simp (decide := true) [Bind.bind, Pure.pure, Except.bind, Except.map, eval, itemsFromList, machine, postCheck,\n    R_bind_eq, R_pure_eq, charge, baseCost, checkArity, binderName, lookupName, OwnMap.lookup, Option.or, checkValue,\n    valueBytes, bytesItems, bytesFields, addValueBytes, itemsLength, itemsReverse, itemsReverseAux, arityWant, liftE,\n    fail, failWith, charged, admitNum, numberOfNat, Binary64.admit, asList, itemsAppend]\n\nNote: This linter can be disabled with `set_option linter.unusedSimpArgs false`",
   "level": "warning"},
  {"message":
   "Algal/Expr/Theorems.lean:395:61: This simp argument is unused:\n  itemsAppend\n\nHint: Omit it from the simp argument list.\n  [apply] simp (decide := true) [Bind.bind, Pure.pure, Except.bind, Except.map, eval, itemsFromList, machine, postCheck,\n    R_bind_eq, R_pure_eq, charge, baseCost, checkArity, binderName, lookupName, OwnMap.lookup, Option.or, checkValue,\n    valueBytes, bytesItems, bytesFields, addValueBytes, itemsLength, itemsReverse, itemsReverseAux, arityWant, liftE,\n    fail, failWith, charged, admitNum, numberOfNat, numFloat, Binary64.admit, asList]\n\nNote: This linter can be disabled with `set_option linter.unusedSimpArgs false`",
   "level": "warning"},
  {"message":
   "Algal/Expr/Theorems.lean:409:25: This simp argument is unused:\n  Except.bind\n\nHint: Omit it from the simp argument list.\n  [apply] simp (decide := true) [Except.map, eval, itemsFromList, machine, postCheck, R_bind_eq, R_pure_eq, charge,\n    baseCost, checkArity, checkValue, valueBytes, bytesItems, bytesFields, addValueBytes, itemsLength, itemsReverse,\n    itemsReverseAux, arityWant, liftE, fail, failWith, charged, admitNum, numberOfNat, numFloat, Binary64.admit,\n    countNodes, countItemsNodes, eqv, numEq, Binary64.normalize]\n\nNote: This linter can be disabled with `set_option linter.unusedSimpArgs false`",
   "level": "warning"},
  {"message":
   "Algal/Expr/Theorems.lean:409:38: This simp argument is unused:\n  Except.map\n\nHint: Omit it from the simp argument list.\n  [apply] simp (decide := true) [Except.bind, eval, itemsFromList, machine, postCheck, R_bind_eq, R_pure_eq, charge,\n    baseCost, checkArity, checkValue, valueBytes, bytesItems, bytesFields, addValueBytes, itemsLength, itemsReverse,\n    itemsReverseAux, arityWant, liftE, fail, failWith, charged, admitNum, numberOfNat, numFloat, Binary64.admit,\n    countNodes, countItemsNodes, eqv, numEq, Binary64.normalize]\n\nNote: This linter can be disabled with `set_option linter.unusedSimpArgs false`",
   "level": "warning"},
  {"message":
   "Algal/Expr/Theorems.lean:411:4: This simp argument is unused:\n  bytesItems\n\nHint: Omit it from the simp argument list.\n  [apply] simp (decide := true) [Except.bind, Except.map, eval, itemsFromList, machine, postCheck, R_bind_eq, R_pure_eq,\n    charge, baseCost, checkArity, checkValue, valueBytes, bytesFields, addValueBytes, itemsLength, itemsReverse,\n    itemsReverseAux, arityWant, liftE, fail, failWith, charged, admitNum, numberOfNat, numFloat, Binary64.admit,\n    countNodes, countItemsNodes, eqv, numEq, Binary64.normalize]\n\nNote: This linter can be disabled with `set_option linter.unusedSimpArgs false`",
   "level": "warning"},
  {"message":
   "Algal/Expr/Theorems.lean:411:16: This simp argument is unused:\n  bytesFields\n\nHint: Omit it from the simp argument list.\n  [apply] simp (decide := true) [Except.bind, Except.map, eval, itemsFromList, machine, postCheck, R_bind_eq, R_pure_eq,\n    charge, baseCost, checkArity, checkValue, valueBytes, bytesItems, addValueBytes, itemsLength, itemsReverse,\n    itemsReverseAux, arityWant, liftE, fail, failWith, charged, admitNum, numberOfNat, numFloat, Binary64.admit,\n    countNodes, countItemsNodes, eqv, numEq, Binary64.normalize]\n\nNote: This linter can be disabled with `set_option linter.unusedSimpArgs false`",
   "level": "warning"},
  {"message":
   "Algal/Expr/Theorems.lean:411:44: This simp argument is unused:\n  itemsLength\n\nHint: Omit it from the simp argument list.\n  [apply] simp (decide := true) [Except.bind, Except.map, eval, itemsFromList, machine, postCheck, R_bind_eq, R_pure_eq,\n    charge, baseCost, checkArity, checkValue, valueBytes, bytesItems, bytesFields, addValueBytes, itemsReverse,\n    itemsReverseAux, arityWant, liftE, fail, failWith, charged, admitNum, numberOfNat, numFloat, Binary64.admit,\n    countNodes, countItemsNodes, eqv, numEq, Binary64.normalize]\n\nNote: This linter can be disabled with `set_option linter.unusedSimpArgs false`",
   "level": "warning"},
  {"message":
   "Algal/Expr/Theorems.lean:412:21: This simp argument is unused:\n  arityWant\n\nHint: Omit it from the simp argument list.\n  [apply] simp (decide := true) [Except.bind, Except.map, eval, itemsFromList, machine, postCheck, R_bind_eq, R_pure_eq,\n    charge, baseCost, checkArity, checkValue, valueBytes, bytesItems, bytesFields, addValueBytes, itemsLength,\n    itemsReverse, itemsReverseAux, liftE, fail, failWith, charged, admitNum, numberOfNat, numFloat, Binary64.admit,\n    countNodes, countItemsNodes, eqv, numEq, Binary64.normalize]\n\nNote: This linter can be disabled with `set_option linter.unusedSimpArgs false`",
   "level": "warning"},
  {"message":
   "Algal/Expr/Theorems.lean:412:45: This simp argument is unused:\n  failWith\n\nHint: Omit it from the simp argument list.\n  [apply] simp (decide := true) [Except.bind, Except.map, eval, itemsFromList, machine, postCheck, R_bind_eq, R_pure_eq,\n    charge, baseCost, checkArity, checkValue, valueBytes, bytesItems, bytesFields, addValueBytes, itemsLength,\n    itemsReverse, itemsReverseAux, arityWant, liftE, fail, charged, admitNum, numberOfNat, numFloat, Binary64.admit,\n    countNodes, countItemsNodes, eqv, numEq, Binary64.normalize]\n\nNote: This linter can be disabled with `set_option linter.unusedSimpArgs false`",
   "level": "warning"},
  {"message":
   "Algal/Expr/Theorems.lean:412:55: This simp argument is unused:\n  charged\n\nHint: Omit it from the simp argument list.\n  [apply] simp (decide := true) [Except.bind, Except.map, eval, itemsFromList, machine, postCheck, R_bind_eq, R_pure_eq,\n    charge, baseCost, checkArity, checkValue, valueBytes, bytesItems, bytesFields, addValueBytes, itemsLength,\n    itemsReverse, itemsReverseAux, arityWant, liftE, fail, failWith, admitNum, numberOfNat, numFloat, Binary64.admit,\n    countNodes, countItemsNodes, eqv, numEq, Binary64.normalize]\n\nNote: This linter can be disabled with `set_option linter.unusedSimpArgs false`",
   "level": "warning"},
  {"message":
   "Algal/Expr/Theorems.lean:412:64: This simp argument is unused:\n  admitNum\n\nHint: Omit it from the simp argument list.\n  [apply] simp (decide := true) [Except.bind, Except.map, eval, itemsFromList, machine, postCheck, R_bind_eq, R_pure_eq,\n    charge, baseCost, checkArity, checkValue, valueBytes, bytesItems, bytesFields, addValueBytes, itemsLength,\n    itemsReverse, itemsReverseAux, arityWant, liftE, fail, failWith, charged, numberOfNat, numFloat, Binary64.admit,\n    countNodes, countItemsNodes, eqv, numEq, Binary64.normalize]\n\nNote: This linter can be disabled with `set_option linter.unusedSimpArgs false`",
   "level": "warning"},
  {"message":
   "Algal/Expr/Theorems.lean:413:4: This simp argument is unused:\n  numberOfNat\n\nHint: Omit it from the simp argument list.\n  [apply] simp (decide := true) [Except.bind, Except.map, eval, itemsFromList, machine, postCheck, R_bind_eq, R_pure_eq,\n    charge, baseCost, checkArity, checkValue, valueBytes, bytesItems, bytesFields, addValueBytes, itemsLength,\n    itemsReverse, itemsReverseAux, arityWant, liftE, fail, failWith, charged, admitNum, numFloat, Binary64.admit,\n    countNodes, countItemsNodes, eqv, numEq, Binary64.normalize]\n\nNote: This linter can be disabled with `set_option linter.unusedSimpArgs false`",
   "level": "warning"},
  {"message":
   "Algal/Expr/Theorems.lean:413:17: This simp argument is unused:\n  numFloat\n\nHint: Omit it from the simp argument list.\n  [apply] simp (decide := true) [Except.bind, Except.map, eval, itemsFromList, machine, postCheck, R_bind_eq, R_pure_eq,\n    charge, baseCost, checkArity, checkValue, valueBytes, bytesItems, bytesFields, addValueBytes, itemsLength,\n    itemsReverse, itemsReverseAux, arityWant, liftE, fail, failWith, charged, admitNum, numberOfNat, Binary64.admit,\n    countNodes, countItemsNodes, eqv, numEq, Binary64.normalize]\n\nNote: This linter can be disabled with `set_option linter.unusedSimpArgs false`",
   "level": "warning"},
  {"message":
   "Algal/Expr/Theorems.lean:413:27: This simp argument is unused:\n  Binary64.admit\n\nHint: Omit it from the simp argument list.\n  [apply] simp (decide := true) [Except.bind, Except.map, eval, itemsFromList, machine, postCheck, R_bind_eq, R_pure_eq,\n    charge, baseCost, checkArity, checkValue, valueBytes, bytesItems, bytesFields, addValueBytes, itemsLength,\n    itemsReverse, itemsReverseAux, arityWant, liftE, fail, failWith, charged, admitNum, numberOfNat, numFloat,\n    countNodes, countItemsNodes, eqv, numEq, Binary64.normalize]\n\nNote: This linter can be disabled with `set_option linter.unusedSimpArgs false`",
   "level": "warning"},
  {"message":
   "Algal/Expr/Theorems.lean:413:55: This simp argument is unused:\n  countItemsNodes\n\nHint: Omit it from the simp argument list.\n  [apply] simp (decide := true) [Except.bind, Except.map, eval, itemsFromList, machine, postCheck, R_bind_eq, R_pure_eq,\n    charge, baseCost, checkArity, checkValue, valueBytes, bytesItems, bytesFields, addValueBytes, itemsLength,\n    itemsReverse, itemsReverseAux, arityWant, liftE, fail, failWith, charged, admitNum, numberOfNat, numFloat,\n    Binary64.admit, countNodes, eqv, numEq, Binary64.normalize]\n\nNote: This linter can be disabled with `set_option linter.unusedSimpArgs false`",
   "level": "warning"},
  {"message":
   "Algal/Expr/Theorems.lean:414:9: This simp argument is unused:\n  numEq\n\nHint: Omit it from the simp argument list.\n  [apply] simp (decide := true) [Except.bind, Except.map, eval, itemsFromList, machine, postCheck, R_bind_eq, R_pure_eq,\n    charge, baseCost, checkArity, checkValue, valueBytes, bytesItems, bytesFields, addValueBytes, itemsLength,\n    itemsReverse, itemsReverseAux, arityWant, liftE, fail, failWith, charged, admitNum, numberOfNat, numFloat,\n    Binary64.admit, countNodes, countItemsNodes, eqv, Binary64.normalize]\n\nNote: This linter can be disabled with `set_option linter.unusedSimpArgs false`",
   "level": "warning"},
  {"message":
   "Algal/Expr/Theorems.lean:414:16: This simp argument is unused:\n  Binary64.normalize\n\nHint: Omit it from the simp argument list.\n  [apply] simp (decide := true) [Except.bind, Except.map, eval, itemsFromList, machine, postCheck, R_bind_eq, R_pure_eq,\n    charge, baseCost, checkArity, checkValue, valueBytes, bytesItems, bytesFields, addValueBytes, itemsLength,\n    itemsReverse, itemsReverseAux, arityWant, liftE, fail, failWith, charged, admitNum, numberOfNat, numFloat,\n    Binary64.admit, countNodes, countItemsNodes, eqv, numEq]\n\nNote: This linter can be disabled with `set_option linter.unusedSimpArgs false`",
   "level": "warning"},
  {"message":
   "Algal/Expr/Theorems.lean:421:25: This simp argument is unused:\n  Except.bind\n\nHint: Omit it from the simp argument list.\n  [apply] simp (decide := true) [Except.map, eval, itemsFromList, machine, postCheck, R_bind_eq, R_pure_eq, charge,\n    baseCost, checkArity, checkValue, valueBytes, bytesItems, bytesFields, addValueBytes, itemsLength, itemsReverse,\n    itemsReverseAux, arityWant, liftE, fail, failWith, charged, admitNum, numberOfNat, numFloat, Binary64.admit,\n    countNodes, countItemsNodes, eqv, numEq, Binary64.normalize]\n\nNote: This linter can be disabled with `set_option linter.unusedSimpArgs false`",
   "level": "warning"},
  {"message":
   "Algal/Expr/Theorems.lean:421:38: This simp argument is unused:\n  Except.map\n\nHint: Omit it from the simp argument list.\n  [apply] simp (decide := true) [Except.bind, eval, itemsFromList, machine, postCheck, R_bind_eq, R_pure_eq, charge,\n    baseCost, checkArity, checkValue, valueBytes, bytesItems, bytesFields, addValueBytes, itemsLength, itemsReverse,\n    itemsReverseAux, arityWant, liftE, fail, failWith, charged, admitNum, numberOfNat, numFloat, Binary64.admit,\n    countNodes, countItemsNodes, eqv, numEq, Binary64.normalize]\n\nNote: This linter can be disabled with `set_option linter.unusedSimpArgs false`",
   "level": "warning"},
  {"message":
   "Algal/Expr/Theorems.lean:423:4: This simp argument is unused:\n  bytesItems\n\nHint: Omit it from the simp argument list.\n  [apply] simp (decide := true) [Except.bind, Except.map, eval, itemsFromList, machine, postCheck, R_bind_eq, R_pure_eq,\n    charge, baseCost, checkArity, checkValue, valueBytes, bytesFields, addValueBytes, itemsLength, itemsReverse,\n    itemsReverseAux, arityWant, liftE, fail, failWith, charged, admitNum, numberOfNat, numFloat, Binary64.admit,\n    countNodes, countItemsNodes, eqv, numEq, Binary64.normalize]\n\nNote: This linter can be disabled with `set_option linter.unusedSimpArgs false`",
   "level": "warning"},
  {"message":
   "Algal/Expr/Theorems.lean:423:16: This simp argument is unused:\n  bytesFields\n\nHint: Omit it from the simp argument list.\n  [apply] simp (decide := true) [Except.bind, Except.map, eval, itemsFromList, machine, postCheck, R_bind_eq, R_pure_eq,\n    charge, baseCost, checkArity, checkValue, valueBytes, bytesItems, addValueBytes, itemsLength, itemsReverse,\n    itemsReverseAux, arityWant, liftE, fail, failWith, charged, admitNum, numberOfNat, numFloat, Binary64.admit,\n    countNodes, countItemsNodes, eqv, numEq, Binary64.normalize]\n\nNote: This linter can be disabled with `set_option linter.unusedSimpArgs false`",
   "level": "warning"},
  {"message":
   "Algal/Expr/Theorems.lean:423:44: This simp argument is unused:\n  itemsLength\n\nHint: Omit it from the simp argument list.\n  [apply] simp (decide := true) [Except.bind, Except.map, eval, itemsFromList, machine, postCheck, R_bind_eq, R_pure_eq,\n    charge, baseCost, checkArity, checkValue, valueBytes, bytesItems, bytesFields, addValueBytes, itemsReverse,\n    itemsReverseAux, arityWant, liftE, fail, failWith, charged, admitNum, numberOfNat, numFloat, Binary64.admit,\n    countNodes, countItemsNodes, eqv, numEq, Binary64.normalize]\n\nNote: This linter can be disabled with `set_option linter.unusedSimpArgs false`",
   "level": "warning"},
  {"message":
   "Algal/Expr/Theorems.lean:424:21: This simp argument is unused:\n  arityWant\n\nHint: Omit it from the simp argument list.\n  [apply] simp (decide := true) [Except.bind, Except.map, eval, itemsFromList, machine, postCheck, R_bind_eq, R_pure_eq,\n    charge, baseCost, checkArity, checkValue, valueBytes, bytesItems, bytesFields, addValueBytes, itemsLength,\n    itemsReverse, itemsReverseAux, liftE, fail, failWith, charged, admitNum, numberOfNat, numFloat, Binary64.admit,\n    countNodes, countItemsNodes, eqv, numEq, Binary64.normalize]\n\nNote: This linter can be disabled with `set_option linter.unusedSimpArgs false`",
   "level": "warning"},
  {"message":
   "Algal/Expr/Theorems.lean:424:45: This simp argument is unused:\n  failWith\n\nHint: Omit it from the simp argument list.\n  [apply] simp (decide := true) [Except.bind, Except.map, eval, itemsFromList, machine, postCheck, R_bind_eq, R_pure_eq,\n    charge, baseCost, checkArity, checkValue, valueBytes, bytesItems, bytesFields, addValueBytes, itemsLength,\n    itemsReverse, itemsReverseAux, arityWant, liftE, fail, charged, admitNum, numberOfNat, numFloat, Binary64.admit,\n    countNodes, countItemsNodes, eqv, numEq, Binary64.normalize]\n\nNote: This linter can be disabled with `set_option linter.unusedSimpArgs false`",
   "level": "warning"},
  {"message":
   "Algal/Expr/Theorems.lean:424:55: This simp argument is unused:\n  charged\n\nHint: Omit it from the simp argument list.\n  [apply] simp (decide := true) [Except.bind, Except.map, eval, itemsFromList, machine, postCheck, R_bind_eq, R_pure_eq,\n    charge, baseCost, checkArity, checkValue, valueBytes, bytesItems, bytesFields, addValueBytes, itemsLength,\n    itemsReverse, itemsReverseAux, arityWant, liftE, fail, failWith, admitNum, numberOfNat, numFloat, Binary64.admit,\n    countNodes, countItemsNodes, eqv, numEq, Binary64.normalize]\n\nNote: This linter can be disabled with `set_option linter.unusedSimpArgs false`",
   "level": "warning"},
  {"message":
   "Algal/Expr/Theorems.lean:424:64: This simp argument is unused:\n  admitNum\n\nHint: Omit it from the simp argument list.\n  [apply] simp (decide := true) [Except.bind, Except.map, eval, itemsFromList, machine, postCheck, R_bind_eq, R_pure_eq,\n    charge, baseCost, checkArity, checkValue, valueBytes, bytesItems, bytesFields, addValueBytes, itemsLength,\n    itemsReverse, itemsReverseAux, arityWant, liftE, fail, failWith, charged, numberOfNat, numFloat, Binary64.admit,\n    countNodes, countItemsNodes, eqv, numEq, Binary64.normalize]\n\nNote: This linter can be disabled with `set_option linter.unusedSimpArgs false`",
   "level": "warning"},
  {"message":
   "Algal/Expr/Theorems.lean:425:4: This simp argument is unused:\n  numberOfNat\n\nHint: Omit it from the simp argument list.\n  [apply] simp (decide := true) [Except.bind, Except.map, eval, itemsFromList, machine, postCheck, R_bind_eq, R_pure_eq,\n    charge, baseCost, checkArity, checkValue, valueBytes, bytesItems, bytesFields, addValueBytes, itemsLength,\n    itemsReverse, itemsReverseAux, arityWant, liftE, fail, failWith, charged, admitNum, numFloat, Binary64.admit,\n    countNodes, countItemsNodes, eqv, numEq, Binary64.normalize]\n\nNote: This linter can be disabled with `set_option linter.unusedSimpArgs false`",
   "level": "warning"},
  {"message":
   "Algal/Expr/Theorems.lean:425:17: This simp argument is unused:\n  numFloat\n\nHint: Omit it from the simp argument list.\n  [apply] simp (decide := true) [Except.bind, Except.map, eval, itemsFromList, machine, postCheck, R_bind_eq, R_pure_eq,\n    charge, baseCost, checkArity, checkValue, valueBytes, bytesItems, bytesFields, addValueBytes, itemsLength,\n    itemsReverse, itemsReverseAux, arityWant, liftE, fail, failWith, charged, admitNum, numberOfNat, Binary64.admit,\n    countNodes, countItemsNodes, eqv, numEq, Binary64.normalize]\n\nNote: This linter can be disabled with `set_option linter.unusedSimpArgs false`",
   "level": "warning"},
  {"message":
   "Algal/Expr/Theorems.lean:425:27: This simp argument is unused:\n  Binary64.admit\n\nHint: Omit it from the simp argument list.\n  [apply] simp (decide := true) [Except.bind, Except.map, eval, itemsFromList, machine, postCheck, R_bind_eq, R_pure_eq,\n    charge, baseCost, checkArity, checkValue, valueBytes, bytesItems, bytesFields, addValueBytes, itemsLength,\n    itemsReverse, itemsReverseAux, arityWant, liftE, fail, failWith, charged, admitNum, numberOfNat, numFloat,\n    countNodes, countItemsNodes, eqv, numEq, Binary64.normalize]\n\nNote: This linter can be disabled with `set_option linter.unusedSimpArgs false`",
   "level": "warning"},
  {"message":
   "Algal/Expr/Theorems.lean:425:55: This simp argument is unused:\n  countItemsNodes\n\nHint: Omit it from the simp argument list.\n  [apply] simp (decide := true) [Except.bind, Except.map, eval, itemsFromList, machine, postCheck, R_bind_eq, R_pure_eq,\n    charge, baseCost, checkArity, checkValue, valueBytes, bytesItems, bytesFields, addValueBytes, itemsLength,\n    itemsReverse, itemsReverseAux, arityWant, liftE, fail, failWith, charged, admitNum, numberOfNat, numFloat,\n    Binary64.admit, countNodes, eqv, numEq, Binary64.normalize]\n\nNote: This linter can be disabled with `set_option linter.unusedSimpArgs false`",
   "level": "warning"},
  {"message":
   "Algal/Expr/Theorems.lean:426:9: This simp argument is unused:\n  numEq\n\nHint: Omit it from the simp argument list.\n  [apply] simp (decide := true) [Except.bind, Except.map, eval, itemsFromList, machine, postCheck, R_bind_eq, R_pure_eq,\n    charge, baseCost, checkArity, checkValue, valueBytes, bytesItems, bytesFields, addValueBytes, itemsLength,\n    itemsReverse, itemsReverseAux, arityWant, liftE, fail, failWith, charged, admitNum, numberOfNat, numFloat,\n    Binary64.admit, countNodes, countItemsNodes, eqv, Binary64.normalize]\n\nNote: This linter can be disabled with `set_option linter.unusedSimpArgs false`",
   "level": "warning"},
  {"message":
   "Algal/Expr/Theorems.lean:426:16: This simp argument is unused:\n  Binary64.normalize\n\nHint: Omit it from the simp argument list.\n  [apply] simp (decide := true) [Except.bind, Except.map, eval, itemsFromList, machine, postCheck, R_bind_eq, R_pure_eq,\n    charge, baseCost, checkArity, checkValue, valueBytes, bytesItems, bytesFields, addValueBytes, itemsLength,\n    itemsReverse, itemsReverseAux, arityWant, liftE, fail, failWith, charged, admitNum, numberOfNat, numFloat,\n    Binary64.admit, countNodes, countItemsNodes, eqv, numEq]\n\nNote: This linter can be disabled with `set_option linter.unusedSimpArgs false`",
   "level": "warning"},
  {"message":
   "Algal/Expr/Theorems.lean:434:25: This simp argument is unused:\n  Except.bind\n\nHint: Omit it from the simp argument list.\n  [apply] simp (decide := true) [Except.map, eval, itemsFromList, machine, postCheck, R_bind_eq, R_pure_eq, charge,\n    baseCost, checkArity, asNum, checkValue, valueBytes, bytesItems, bytesFields, addValueBytes, itemsLength,\n    itemsReverse, itemsReverseAux, arityWant, liftE, fail, failWith, charged, admitNum, numberOfNat, numFloat,\n    Binary64.admit, emitNum, errWith]\n\nNote: This linter can be disabled with `set_option linter.unusedSimpArgs false`",
   "level": "warning"},
  {"message":
   "Algal/Expr/Theorems.lean:434:38: This simp argument is unused:\n  Except.map\n\nHint: Omit it from the simp argument list.\n  [apply] simp (decide := true) [Except.bind, eval, itemsFromList, machine, postCheck, R_bind_eq, R_pure_eq, charge,\n    baseCost, checkArity, asNum, checkValue, valueBytes, bytesItems, bytesFields, addValueBytes, itemsLength,\n    itemsReverse, itemsReverseAux, arityWant, liftE, fail, failWith, charged, admitNum, numberOfNat, numFloat,\n    Binary64.admit, emitNum, errWith]\n\nNote: This linter can be disabled with `set_option linter.unusedSimpArgs false`",
   "level": "warning"},
  {"message":
   "Algal/Expr/Theorems.lean:435:33: This simp argument is unused:\n  checkArity\n\nHint: Omit it from the simp argument list.\n  [apply] simp (decide := true) [Except.bind, Except.map, eval, itemsFromList, machine, postCheck, R_bind_eq, R_pure_eq,\n    charge, baseCost, asNum, checkValue, valueBytes, bytesItems, bytesFields, addValueBytes, itemsLength, itemsReverse,\n    itemsReverseAux, arityWant, liftE, fail, failWith, charged, admitNum, numberOfNat, numFloat, Binary64.admit,\n    emitNum, errWith]\n\nNote: This linter can be disabled with `set_option linter.unusedSimpArgs false`",
   "level": "warning"},
  {"message":
   "Algal/Expr/Theorems.lean:436:4: This simp argument is unused:\n  bytesItems\n\nHint: Omit it from the simp argument list.\n  [apply] simp (decide := true) [Except.bind, Except.map, eval, itemsFromList, machine, postCheck, R_bind_eq, R_pure_eq,\n    charge, baseCost, checkArity, asNum, checkValue, valueBytes, bytesFields, addValueBytes, itemsLength, itemsReverse,\n    itemsReverseAux, arityWant, liftE, fail, failWith, charged, admitNum, numberOfNat, numFloat, Binary64.admit,\n    emitNum, errWith]\n\nNote: This linter can be disabled with `set_option linter.unusedSimpArgs false`",
   "level": "warning"},
  {"message":
   "Algal/Expr/Theorems.lean:436:16: This simp argument is unused:\n  bytesFields\n\nHint: Omit it from the simp argument list.\n  [apply] simp (decide := true) [Except.bind, Except.map, eval, itemsFromList, machine, postCheck, R_bind_eq, R_pure_eq,\n    charge, baseCost, checkArity, asNum, checkValue, valueBytes, bytesItems, addValueBytes, itemsLength, itemsReverse,\n    itemsReverseAux, arityWant, liftE, fail, failWith, charged, admitNum, numberOfNat, numFloat, Binary64.admit,\n    emitNum, errWith]\n\nNote: This linter can be disabled with `set_option linter.unusedSimpArgs false`",
   "level": "warning"},
  {"message":
   "Algal/Expr/Theorems.lean:436:29: This simp argument is unused:\n  addValueBytes\n\nHint: Omit it from the simp argument list.\n  [apply] simp (decide := true) [Except.bind, Except.map, eval, itemsFromList, machine, postCheck, R_bind_eq, R_pure_eq,\n    charge, baseCost, checkArity, asNum, checkValue, valueBytes, bytesItems, bytesFields, itemsLength, itemsReverse,\n    itemsReverseAux, arityWant, liftE, fail, failWith, charged, admitNum, numberOfNat, numFloat, Binary64.admit,\n    emitNum, errWith]\n\nNote: This linter can be disabled with `set_option linter.unusedSimpArgs false`",
   "level": "warning"},
  {"message":
   "Algal/Expr/Theorems.lean:436:44: This simp argument is unused:\n  itemsLength\n\nHint: Omit it from the simp argument list.\n  [apply] simp (decide := true) [Except.bind, Except.map, eval, itemsFromList, machine, postCheck, R_bind_eq, R_pure_eq,\n    charge, baseCost, checkArity, asNum, checkValue, valueBytes, bytesItems, bytesFields, addValueBytes, itemsReverse,\n    itemsReverseAux, arityWant, liftE, fail, failWith, charged, admitNum, numberOfNat, numFloat, Binary64.admit,\n    emitNum, errWith]\n\nNote: This linter can be disabled with `set_option linter.unusedSimpArgs false`",
   "level": "warning"},
  {"message":
   "Algal/Expr/Theorems.lean:436:57: This simp argument is unused:\n  itemsReverse\n\nHint: Omit it from the simp argument list.\n  [apply] simp (decide := true) [Except.bind, Except.map, eval, itemsFromList, machine, postCheck, R_bind_eq, R_pure_eq,\n    charge, baseCost, checkArity, asNum, checkValue, valueBytes, bytesItems, bytesFields, addValueBytes, itemsLength,\n    itemsReverseAux, arityWant, liftE, fail, failWith, charged, admitNum, numberOfNat, numFloat, Binary64.admit,\n    emitNum, errWith]\n\nNote: This linter can be disabled with `set_option linter.unusedSimpArgs false`",
   "level": "warning"},
  {"message":
   "Algal/Expr/Theorems.lean:437:4: This simp argument is unused:\n  itemsReverseAux\n\nHint: Omit it from the simp argument list.\n  [apply] simp (decide := true) [Except.bind, Except.map, eval, itemsFromList, machine, postCheck, R_bind_eq, R_pure_eq,\n    charge, baseCost, checkArity, asNum, checkValue, valueBytes, bytesItems, bytesFields, addValueBytes, itemsLength,\n    itemsReverse, arityWant, liftE, fail, failWith, charged, admitNum, numberOfNat, numFloat, Binary64.admit, emitNum,\n    errWith]\n\nNote: This linter can be disabled with `set_option linter.unusedSimpArgs false`",
   "level": "warning"},
  {"message":
   "Algal/Expr/Theorems.lean:437:21: This simp argument is unused:\n  arityWant\n\nHint: Omit it from the simp argument list.\n  [apply] simp (decide := true) [Except.bind, Except.map, eval, itemsFromList, machine, postCheck, R_bind_eq, R_pure_eq,\n    charge, baseCost, checkArity, asNum, checkValue, valueBytes, bytesItems, bytesFields, addValueBytes, itemsLength,\n    itemsReverse, itemsReverseAux, liftE, fail, failWith, charged, admitNum, numberOfNat, numFloat, Binary64.admit,\n    emitNum, errWith]\n\nNote: This linter can be disabled with `set_option linter.unusedSimpArgs false`",
   "level": "warning"},
  {"message":
   "Algal/Expr/Theorems.lean:437:32: This simp argument is unused:\n  liftE\n\nHint: Omit it from the simp argument list.\n  [apply] simp (decide := true) [Except.bind, Except.map, eval, itemsFromList, machine, postCheck, R_bind_eq, R_pure_eq,\n    charge, baseCost, checkArity, asNum, checkValue, valueBytes, bytesItems, bytesFields, addValueBytes, itemsLength,\n    itemsReverse, itemsReverseAux, arityWant, fail, failWith, charged, admitNum, numberOfNat, numFloat, Binary64.admit,\n    emitNum, errWith]\n\nNote: This linter can be disabled with `set_option linter.unusedSimpArgs false`",
   "level": "warning"},
  {"message":
   "Algal/Expr/Theorems.lean:437:45: This simp argument is unused:\n  failWith\n\nHint: Omit it from the simp argument list.\n  [apply] simp (decide := true) [Except.bind, Except.map, eval, itemsFromList, machine, postCheck, R_bind_eq, R_pure_eq,\n    charge, baseCost, checkArity, asNum, checkValue, valueBytes, bytesItems, bytesFields, addValueBytes, itemsLength,\n    itemsReverse, itemsReverseAux, arityWant, liftE, fail, charged, admitNum, numberOfNat, numFloat, Binary64.admit,\n    emitNum, errWith]\n\nNote: This linter can be disabled with `set_option linter.unusedSimpArgs false`",
   "level": "warning"},
  {"message":
   "Algal/Expr/Theorems.lean:437:55: This simp argument is unused:\n  charged\n\nHint: Omit it from the simp argument list.\n  [apply] simp (decide := true) [Except.bind, Except.map, eval, itemsFromList, machine, postCheck, R_bind_eq, R_pure_eq,\n    charge, baseCost, checkArity, asNum, checkValue, valueBytes, bytesItems, bytesFields, addValueBytes, itemsLength,\n    itemsReverse, itemsReverseAux, arityWant, liftE, fail, failWith, admitNum, numberOfNat, numFloat, Binary64.admit,\n    emitNum, errWith]\n\nNote: This linter can be disabled with `set_option linter.unusedSimpArgs false`",
   "level": "warning"},
  {"message":
   "Algal/Expr/Theorems.lean:447:25: This simp argument is unused:\n  Except.bind\n\nHint: Omit it from the simp argument list.\n  [apply] simp (decide := true) [Except.map, eval, itemsFromList, machine, postCheck, R_bind_eq, R_pure_eq, charge,\n    baseCost, checkArity, checkValue, valueBytes, bytesItems, bytesFields, addValueBytes, itemsLength, itemsReverse,\n    itemsReverseAux, arityWant, liftE, fail, failWith, charged, admitNum, numberOfNat, numFloat, Binary64.admit,\n    numFold]\n\nNote: This linter can be disabled with `set_option linter.unusedSimpArgs false`",
   "level": "warning"},
  {"message":
   "Algal/Expr/Theorems.lean:447:38: This simp argument is unused:\n  Except.map\n\nHint: Omit it from the simp argument list.\n  [apply] simp (decide := true) [Except.bind, eval, itemsFromList, machine, postCheck, R_bind_eq, R_pure_eq, charge,\n    baseCost, checkArity, checkValue, valueBytes, bytesItems, bytesFields, addValueBytes, itemsLength, itemsReverse,\n    itemsReverseAux, arityWant, liftE, fail, failWith, charged, admitNum, numberOfNat, numFloat, Binary64.admit,\n    numFold]\n\nNote: This linter can be disabled with `set_option linter.unusedSimpArgs false`",
   "level": "warning"},
  {"message":
   "Algal/Expr/Theorems.lean:449:4: This simp argument is unused:\n  bytesItems\n\nHint: Omit it from the simp argument list.\n  [apply] simp (decide := true) [Except.bind, Except.map, eval, itemsFromList, machine, postCheck, R_bind_eq, R_pure_eq,\n    charge, baseCost, checkArity, checkValue, valueBytes, bytesFields, addValueBytes, itemsLength, itemsReverse,\n    itemsReverseAux, arityWant, liftE, fail, failWith, charged, admitNum, numberOfNat, numFloat, Binary64.admit,\n    numFold]\n\nNote: This linter can be disabled with `set_option linter.unusedSimpArgs false`",
   "level": "warning"},
  {"message":
   "Algal/Expr/Theorems.lean:449:16: This simp argument is unused:\n  bytesFields\n\nHint: Omit it from the simp argument list.\n  [apply] simp (decide := true) [Except.bind, Except.map, eval, itemsFromList, machine, postCheck, R_bind_eq, R_pure_eq,\n    charge, baseCost, checkArity, checkValue, valueBytes, bytesItems, addValueBytes, itemsLength, itemsReverse,\n    itemsReverseAux, arityWant, liftE, fail, failWith, charged, admitNum, numberOfNat, numFloat, Binary64.admit,\n    numFold]\n\nNote: This linter can be disabled with `set_option linter.unusedSimpArgs false`",
   "level": "warning"},
  {"message":
   "Algal/Expr/Theorems.lean:449:44: This simp argument is unused:\n  itemsLength\n\nHint: Omit it from the simp argument list.\n  [apply] simp (decide := true) [Except.bind, Except.map, eval, itemsFromList, machine, postCheck, R_bind_eq, R_pure_eq,\n    charge, baseCost, checkArity, checkValue, valueBytes, bytesItems, bytesFields, addValueBytes, itemsReverse,\n    itemsReverseAux, arityWant, liftE, fail, failWith, charged, admitNum, numberOfNat, numFloat, Binary64.admit,\n    numFold]\n\nNote: This linter can be disabled with `set_option linter.unusedSimpArgs false`",
   "level": "warning"},
  {"message":
   "Algal/Expr/Theorems.lean:450:21: This simp argument is unused:\n  arityWant\n\nHint: Omit it from the simp argument list.\n  [apply] simp (decide := true) [Except.bind, Except.map, eval, itemsFromList, machine, postCheck, R_bind_eq, R_pure_eq,\n    charge, baseCost, checkArity, checkValue, valueBytes, bytesItems, bytesFields, addValueBytes, itemsLength,\n    itemsReverse, itemsReverseAux, liftE, fail, failWith, charged, admitNum, numberOfNat, numFloat, Binary64.admit,\n    numFold]\n\nNote: This linter can be disabled with `set_option linter.unusedSimpArgs false`",
   "level": "warning"},
  {"message":
   "Algal/Expr/Theorems.lean:450:45: This simp argument is unused:\n  failWith\n\nHint: Omit it from the simp argument list.\n  [apply] simp (decide := true) [Except.bind, Except.map, eval, itemsFromList, machine, postCheck, R_bind_eq, R_pure_eq,\n    charge, baseCost, checkArity, checkValue, valueBytes, bytesItems, bytesFields, addValueBytes, itemsLength,\n    itemsReverse, itemsReverseAux, arityWant, liftE, fail, charged, admitNum, numberOfNat, numFloat, Binary64.admit,\n    numFold]\n\nNote: This linter can be disabled with `set_option linter.unusedSimpArgs false`",
   "level": "warning"},
  {"message":
   "Algal/Expr/Theorems.lean:450:55: This simp argument is unused:\n  charged\n\nHint: Omit it from the simp argument list.\n  [apply] simp (decide := true) [Except.bind, Except.map, eval, itemsFromList, machine, postCheck, R_bind_eq, R_pure_eq,\n    charge, baseCost, checkArity, checkValue, valueBytes, bytesItems, bytesFields, addValueBytes, itemsLength,\n    itemsReverse, itemsReverseAux, arityWant, liftE, fail, failWith, admitNum, numberOfNat, numFloat, Binary64.admit,\n    numFold]\n\nNote: This linter can be disabled with `set_option linter.unusedSimpArgs false`",
   "level": "warning"},
  {"message":
   "Algal/Expr/Theorems.lean:450:64: This simp argument is unused:\n  admitNum\n\nHint: Omit it from the simp argument list.\n  [apply] simp (decide := true) [Except.bind, Except.map, eval, itemsFromList, machine, postCheck, R_bind_eq, R_pure_eq,\n    charge, baseCost, checkArity, checkValue, valueBytes, bytesItems, bytesFields, addValueBytes, itemsLength,\n    itemsReverse, itemsReverseAux, arityWant, liftE, fail, failWith, charged, numberOfNat, numFloat, Binary64.admit,\n    numFold]\n\nNote: This linter can be disabled with `set_option linter.unusedSimpArgs false`",
   "level": "warning"},
  {"message":
   "Algal/Expr/Theorems.lean:459:25: This simp argument is unused:\n  Except.bind\n\nHint: Omit it from the simp argument list.\n  [apply] simp (decide := true) [Except.map, eval, itemsFromList, machine, postCheck, R_bind_eq, R_pure_eq, charge,\n    baseCost, checkArity, checkValue, valueBytes, bytesItems, bytesFields, addValueBytes, itemsLength, itemsReverse,\n    itemsReverseAux, arityWant, liftE, fail, failWith, charged, admitNum, numberOfNat, numFloat, Binary64.admit,\n    numFold, emitNum, numValOfBits]\n\nNote: This linter can be disabled with `set_option linter.unusedSimpArgs false`",
   "level": "warning"},
  {"message":
   "Algal/Expr/Theorems.lean:459:38: This simp argument is unused:\n  Except.map\n\nHint: Omit it from the simp argument list.\n  [apply] simp (decide := true) [Except.bind, eval, itemsFromList, machine, postCheck, R_bind_eq, R_pure_eq, charge,\n    baseCost, checkArity, checkValue, valueBytes, bytesItems, bytesFields, addValueBytes, itemsLength, itemsReverse,\n    itemsReverseAux, arityWant, liftE, fail, failWith, charged, admitNum, numberOfNat, numFloat, Binary64.admit,\n    numFold, emitNum, numValOfBits]\n\nNote: This linter can be disabled with `set_option linter.unusedSimpArgs false`",
   "level": "warning"},
  {"message":
   "Algal/Expr/Theorems.lean:461:4: This simp argument is unused:\n  bytesItems\n\nHint: Omit it from the simp argument list.\n  [apply] simp (decide := true) [Except.bind, Except.map, eval, itemsFromList, machine, postCheck, R_bind_eq, R_pure_eq,\n    charge, baseCost, checkArity, checkValue, valueBytes, bytesFields, addValueBytes, itemsLength, itemsReverse,\n    itemsReverseAux, arityWant, liftE, fail, failWith, charged, admitNum, numberOfNat, numFloat, Binary64.admit,\n    numFold, emitNum, numValOfBits]\n\nNote: This linter can be disabled with `set_option linter.unusedSimpArgs false`",
   "level": "warning"},
  {"message":
   "Algal/Expr/Theorems.lean:461:16: This simp argument is unused:\n  bytesFields\n\nHint: Omit it from the simp argument list.\n  [apply] simp (decide := true) [Except.bind, Except.map, eval, itemsFromList, machine, postCheck, R_bind_eq, R_pure_eq,\n    charge, baseCost, checkArity, checkValue, valueBytes, bytesItems, addValueBytes, itemsLength, itemsReverse,\n    itemsReverseAux, arityWant, liftE, fail, failWith, charged, admitNum, numberOfNat, numFloat, Binary64.admit,\n    numFold, emitNum, numValOfBits]\n\nNote: This linter can be disabled with `set_option linter.unusedSimpArgs false`",
   "level": "warning"},
  {"message":
   "Algal/Expr/Theorems.lean:461:44: This simp argument is unused:\n  itemsLength\n\nHint: Omit it from the simp argument list.\n  [apply] simp (decide := true) [Except.bind, Except.map, eval, itemsFromList, machine, postCheck, R_bind_eq, R_pure_eq,\n    charge, baseCost, checkArity, checkValue, valueBytes, bytesItems, bytesFields, addValueBytes, itemsReverse,\n    itemsReverseAux, arityWant, liftE, fail, failWith, charged, admitNum, numberOfNat, numFloat, Binary64.admit,\n    numFold, emitNum, numValOfBits]\n\nNote: This linter can be disabled with `set_option linter.unusedSimpArgs false`",
   "level": "warning"},
  {"message":
   "Algal/Expr/Theorems.lean:462:21: This simp argument is unused:\n  arityWant\n\nHint: Omit it from the simp argument list.\n  [apply] simp (decide := true) [Except.bind, Except.map, eval, itemsFromList, machine, postCheck, R_bind_eq, R_pure_eq,\n    charge, baseCost, checkArity, checkValue, valueBytes, bytesItems, bytesFields, addValueBytes, itemsLength,\n    itemsReverse, itemsReverseAux, liftE, fail, failWith, charged, admitNum, numberOfNat, numFloat, Binary64.admit,\n    numFold, emitNum, numValOfBits]\n\nNote: This linter can be disabled with `set_option linter.unusedSimpArgs false`",
   "level": "warning"},
  {"message":
   "Algal/Expr/Theorems.lean:462:45: This simp argument is unused:\n  failWith\n\nHint: Omit it from the simp argument list.\n  [apply] simp (decide := true) [Except.bind, Except.map, eval, itemsFromList, machine, postCheck, R_bind_eq, R_pure_eq,\n    charge, baseCost, checkArity, checkValue, valueBytes, bytesItems, bytesFields, addValueBytes, itemsLength,\n    itemsReverse, itemsReverseAux, arityWant, liftE, fail, charged, admitNum, numberOfNat, numFloat, Binary64.admit,\n    numFold, emitNum, numValOfBits]\n\nNote: This linter can be disabled with `set_option linter.unusedSimpArgs false`",
   "level": "warning"},
  {"message":
   "Algal/Expr/Theorems.lean:462:55: This simp argument is unused:\n  charged\n\nHint: Omit it from the simp argument list.\n  [apply] simp (decide := true) [Except.bind, Except.map, eval, itemsFromList, machine, postCheck, R_bind_eq, R_pure_eq,\n    charge, baseCost, checkArity, checkValue, valueBytes, bytesItems, bytesFields, addValueBytes, itemsLength,\n    itemsReverse, itemsReverseAux, arityWant, liftE, fail, failWith, admitNum, numberOfNat, numFloat, Binary64.admit,\n    numFold, emitNum, numValOfBits]\n\nNote: This linter can be disabled with `set_option linter.unusedSimpArgs false`",
   "level": "warning"},
  {"message":
   "Algal/Expr/Theorems.lean:463:61: This simp argument is unused:\n  numValOfBits\n\nHint: Omit it from the simp argument list.\n  [apply] simp (decide := true) [Except.bind, Except.map, eval, itemsFromList, machine, postCheck, R_bind_eq, R_pure_eq,\n    charge, baseCost, checkArity, checkValue, valueBytes, bytesItems, bytesFields, addValueBytes, itemsLength,\n    itemsReverse, itemsReverseAux, arityWant, liftE, fail, failWith, charged, admitNum, numberOfNat, numFloat,\n    Binary64.admit, numFold, emitNum]\n\nNote: This linter can be disabled with `set_option linter.unusedSimpArgs false`",
   "level": "warning"},
  {"message":
   "Algal/Expr/Theorems.lean:488:47: This simp argument is unused:\n  Except.bind\n\nHint: Omit it from the simp argument list.\n  [apply] simp (decide := true) [Bind.bind, Pure.pure, Except.map, postCheck, R_bind_eq, R_pure_eq, charge, baseCost,\n    checkArity, checkValue, valueBytes, bytesItems, bytesFields, addValueBytes, itemsLength, itemsReverse,\n    itemsReverseAux, arityWant, liftE, fail, failWith, charged, admitNum, numberOfNat, numFloat, Binary64.admit, asStr,\n    Text.utf16]\n\nNote: This linter can be disabled with `set_option linter.unusedSimpArgs false`",
   "level": "warning"},
  {"message":
   "Algal/Expr/Theorems.lean:488:60: This simp argument is unused:\n  Except.map\n\nHint: Omit it from the simp argument list.\n  [apply] simp (decide := true) [Bind.bind, Pure.pure, Except.bind, postCheck, R_bind_eq, R_pure_eq, charge, baseCost,\n    checkArity, checkValue, valueBytes, bytesItems, bytesFields, addValueBytes, itemsLength, itemsReverse,\n    itemsReverseAux, arityWant, liftE, fail, failWith, charged, admitNum, numberOfNat, numFloat, Binary64.admit, asStr,\n    Text.utf16]\n\nNote: This linter can be disabled with `set_option linter.unusedSimpArgs false`",
   "level": "warning"},
  {"message":
   "Algal/Expr/Theorems.lean:489:15: This simp argument is unused:\n  R_bind_eq\n\nHint: Omit it from the simp argument list.\n  [apply] simp (decide := true) [Bind.bind, Pure.pure, Except.bind, Except.map, postCheck, R_pure_eq, charge, baseCost,\n    checkArity, checkValue, valueBytes, bytesItems, bytesFields, addValueBytes, itemsLength, itemsReverse,\n    itemsReverseAux, arityWant, liftE, fail, failWith, charged, admitNum, numberOfNat, numFloat, Binary64.admit, asStr,\n    Text.utf16]\n\nNote: This linter can be disabled with `set_option linter.unusedSimpArgs false`",
   "level": "warning"},
  {"message":
   "Algal/Expr/Theorems.lean:489:26: This simp argument is unused:\n  R_pure_eq\n\nHint: Omit it from the simp argument list.\n  [apply] simp (decide := true) [Bind.bind, Pure.pure, Except.bind, Except.map, postCheck, R_bind_eq, charge, baseCost,\n    checkArity, checkValue, valueBytes, bytesItems, bytesFields, addValueBytes, itemsLength, itemsReverse,\n    itemsReverseAux, arityWant, liftE, fail, failWith, charged, admitNum, numberOfNat, numFloat, Binary64.admit, asStr,\n    Text.utf16]\n\nNote: This linter can be disabled with `set_option linter.unusedSimpArgs false`",
   "level": "warning"},
  {"message":
   "Algal/Expr/Theorems.lean:489:55: This simp argument is unused:\n  checkArity\n\nHint: Omit it from the simp argument list.\n  [apply] simp (decide := true) [Bind.bind, Pure.pure, Except.bind, Except.map, postCheck, R_bind_eq, R_pure_eq, charge,\n    baseCost, checkValue, valueBytes, bytesItems, bytesFields, addValueBytes, itemsLength, itemsReverse,\n    itemsReverseAux, arityWant, liftE, fail, failWith, charged, admitNum, numberOfNat, numFloat, Binary64.admit, asStr,\n    Text.utf16]\n\nNote: This linter can be disabled with `set_option linter.unusedSimpArgs false`",
   "level": "warning"},
  {"message":
   "Algal/Expr/Theorems.lean:490:4: This simp argument is unused:\n  valueBytes\n\nHint: Omit it from the simp argument list.\n  [apply] simp (decide := true) [Bind.bind, Pure.pure, Except.bind, Except.map, postCheck, R_bind_eq, R_pure_eq, charge,\n    baseCost, checkArity, checkValue, bytesItems, bytesFields, addValueBytes, itemsLength, itemsReverse,\n    itemsReverseAux, arityWant, liftE, fail, failWith, charged, admitNum, numberOfNat, numFloat, Binary64.admit, asStr,\n    Text.utf16]\n\nNote: This linter can be disabled with `set_option linter.unusedSimpArgs false`",
   "level": "warning"},
  {"message":
   "Algal/Expr/Theorems.lean:490:16: This simp argument is unused:\n  bytesItems\n\nHint: Omit it from the simp argument list.\n  [apply] simp (decide := true) [Bind.bind, Pure.pure, Except.bind, Except.map, postCheck, R_bind_eq, R_pure_eq, charge,\n    baseCost, checkArity, checkValue, valueBytes, bytesFields, addValueBytes, itemsLength, itemsReverse,\n    itemsReverseAux, arityWant, liftE, fail, failWith, charged, admitNum, numberOfNat, numFloat, Binary64.admit, asStr,\n    Text.utf16]\n\nNote: This linter can be disabled with `set_option linter.unusedSimpArgs false`",
   "level": "warning"},
  {"message":
   "Algal/Expr/Theorems.lean:490:28: This simp argument is unused:\n  bytesFields\n\nHint: Omit it from the simp argument list.\n  [apply] simp (decide := true) [Bind.bind, Pure.pure, Except.bind, Except.map, postCheck, R_bind_eq, R_pure_eq, charge,\n    baseCost, checkArity, checkValue, valueBytes, bytesItems, addValueBytes, itemsLength, itemsReverse, itemsReverseAux,\n    arityWant, liftE, fail, failWith, charged, admitNum, numberOfNat, numFloat, Binary64.admit, asStr, Text.utf16]\n\nNote: This linter can be disabled with `set_option linter.unusedSimpArgs false`",
   "level": "warning"},
  {"message":
   "Algal/Expr/Theorems.lean:490:41: This simp argument is unused:\n  addValueBytes\n\nHint: Omit it from the simp argument list.\n  [apply] simp (decide := true) [Bind.bind, Pure.pure, Except.bind, Except.map, postCheck, R_bind_eq, R_pure_eq, charge,\n    baseCost, checkArity, checkValue, valueBytes, bytesItems, bytesFields, itemsLength, itemsReverse, itemsReverseAux,\n    arityWant, liftE, fail, failWith, charged, admitNum, numberOfNat, numFloat, Binary64.admit, asStr, Text.utf16]\n\nNote: This linter can be disabled with `set_option linter.unusedSimpArgs false`",
   "level": "warning"},
  {"message":
   "Algal/Expr/Theorems.lean:490:56: This simp argument is unused:\n  itemsLength\n\nHint: Omit it from the simp argument list.\n  [apply] simp (decide := true) [Bind.bind, Pure.pure, Except.bind, Except.map, postCheck, R_bind_eq, R_pure_eq, charge,\n    baseCost, checkArity, checkValue, valueBytes, bytesItems, bytesFields, addValueBytes, itemsReverse, itemsReverseAux,\n    arityWant, liftE, fail, failWith, charged, admitNum, numberOfNat, numFloat, Binary64.admit, asStr, Text.utf16]\n\nNote: This linter can be disabled with `set_option linter.unusedSimpArgs false`",
   "level": "warning"},
  {"message":
   "Algal/Expr/Theorems.lean:491:4: This simp argument is unused:\n  itemsReverse\n\nHint: Omit it from the simp argument list.\n  [apply] simp (decide := true) [Bind.bind, Pure.pure, Except.bind, Except.map, postCheck, R_bind_eq, R_pure_eq, charge,\n    baseCost, checkArity, checkValue, valueBytes, bytesItems, bytesFields, addValueBytes, itemsLength, itemsReverseAux,\n    arityWant, liftE, fail, failWith, charged, admitNum, numberOfNat, numFloat, Binary64.admit, asStr, Text.utf16]\n\nNote: This linter can be disabled with `set_option linter.unusedSimpArgs false`",
   "level": "warning"},
  {"message":
   "Algal/Expr/Theorems.lean:491:18: This simp argument is unused:\n  itemsReverseAux\n\nHint: Omit it from the simp argument list.\n  [apply] simp (decide := true) [Bind.bind, Pure.pure, Except.bind, Except.map, postCheck, R_bind_eq, R_pure_eq, charge,\n    baseCost, checkArity, checkValue, valueBytes, bytesItems, bytesFields, addValueBytes, itemsLength, itemsReverse,\n    arityWant, liftE, fail, failWith, charged, admitNum, numberOfNat, numFloat, Binary64.admit, asStr, Text.utf16]\n\nNote: This linter can be disabled with `set_option linter.unusedSimpArgs false`",
   "level": "warning"},
  {"message":
   "Algal/Expr/Theorems.lean:491:35: This simp argument is unused:\n  arityWant\n\nHint: Omit it from the simp argument list.\n  [apply] simp (decide := true) [Bind.bind, Pure.pure, Except.bind, Except.map, postCheck, R_bind_eq, R_pure_eq, charge,\n    baseCost, checkArity, checkValue, valueBytes, bytesItems, bytesFields, addValueBytes, itemsLength, itemsReverse,\n    itemsReverseAux, liftE, fail, failWith, charged, admitNum, numberOfNat, numFloat, Binary64.admit, asStr, Text.utf16]\n\nNote: This linter can be disabled with `set_option linter.unusedSimpArgs false`",
   "level": "warning"},
  {"message":
   "Algal/Expr/Theorems.lean:491:46: This simp argument is unused:\n  liftE\n\nHint: Omit it from the simp argument list.\n  [apply] simp (decide := true) [Bind.bind, Pure.pure, Except.bind, Except.map, postCheck, R_bind_eq, R_pure_eq, charge,\n    baseCost, checkArity, checkValue, valueBytes, bytesItems, bytesFields, addValueBytes, itemsLength, itemsReverse,\n    itemsReverseAux, arityWant, fail, failWith, charged, admitNum, numberOfNat, numFloat, Binary64.admit, asStr,\n    Text.utf16]\n\nNote: This linter can be disabled with `set_option linter.unusedSimpArgs false`",
   "level": "warning"},
  {"message":
   "Algal/Expr/Theorems.lean:491:59: This simp argument is unused:\n  failWith\n\nHint: Omit it from the simp argument list.\n  [apply] simp (decide := true) [Bind.bind, Pure.pure, Except.bind, Except.map, postCheck, R_bind_eq, R_pure_eq, charge,\n    baseCost, checkArity, checkValue, valueBytes, bytesItems, bytesFields, addValueBytes, itemsLength, itemsReverse,\n    itemsReverseAux, arityWant, liftE, fail, charged, admitNum, numberOfNat, numFloat, Binary64.admit, asStr,\n    Text.utf16]\n\nNote: This linter can be disabled with `set_option linter.unusedSimpArgs false`",
   "level": "warning"},
  {"message":
   "Algal/Expr/Theorems.lean:491:69: This simp argument is unused:\n  charged\n\nHint: Omit it from the simp argument list.\n  [apply] simp (decide := true) [Bind.bind, Pure.pure, Except.bind, Except.map, postCheck, R_bind_eq, R_pure_eq, charge,\n    baseCost, checkArity, checkValue, valueBytes, bytesItems, bytesFields, addValueBytes, itemsLength, itemsReverse,\n    itemsReverseAux, arityWant, liftE, fail, failWith, admitNum, numberOfNat, numFloat, Binary64.admit, asStr,\n    Text.utf16]\n\nNote: This linter can be disabled with `set_option linter.unusedSimpArgs false`",
   "level": "warning"},
  {"message":
   "Algal/Expr/Theorems.lean:492:4: This simp argument is unused:\n  admitNum\n\nHint: Omit it from the simp argument list.\n  [apply] simp (decide := true) [Bind.bind, Pure.pure, Except.bind, Except.map, postCheck, R_bind_eq, R_pure_eq, charge,\n    baseCost, checkArity, checkValue, valueBytes, bytesItems, bytesFields, addValueBytes, itemsLength, itemsReverse,\n    itemsReverseAux, arityWant, liftE, fail, failWith, charged, numberOfNat, numFloat, Binary64.admit, asStr,\n    Text.utf16]\n\nNote: This linter can be disabled with `set_option linter.unusedSimpArgs false`",
   "level": "warning"},
  {"message":
   "Algal/Expr/Theorems.lean:492:27: This simp argument is unused:\n  numFloat\n\nHint: Omit it from the simp argument list.\n  [apply] simp (decide := true) [Bind.bind, Pure.pure, Except.bind, Except.map, postCheck, R_bind_eq, R_pure_eq, charge,\n    baseCost, checkArity, checkValue, valueBytes, bytesItems, bytesFields, addValueBytes, itemsLength, itemsReverse,\n    itemsReverseAux, arityWant, liftE, fail, failWith, charged, admitNum, numberOfNat, Binary64.admit, asStr,\n    Text.utf16]\n\nNote: This linter can be disabled with `set_option linter.unusedSimpArgs false`",
   "level": "warning"},
  {"message":
   "Algal/Expr/Theorems.lean:494:47: This simp argument is unused:\n  Except.bind\n\nHint: Omit it from the simp argument list.\n  [apply] simp (decide := true) [Bind.bind, Pure.pure, Except.map, postCheck, R_bind_eq, R_pure_eq, charge, baseCost,\n    checkArity, checkValue, valueBytes, bytesItems, bytesFields, addValueBytes, itemsLength, itemsReverse,\n    itemsReverseAux, arityWant, liftE, fail, failWith, charged, admitNum, numberOfNat, numFloat, Binary64.admit, asStr,\n    Text.utf16, Text.utf16Char, String.utf8ByteSize]\n\nNote: This linter can be disabled with `set_option linter.unusedSimpArgs false`",
   "level": "warning"},
  {"message":
   "Algal/Expr/Theorems.lean:494:60: This simp argument is unused:\n  Except.map\n\nHint: Omit it from the simp argument list.\n  [apply] simp (decide := true) [Bind.bind, Pure.pure, Except.bind, postCheck, R_bind_eq, R_pure_eq, charge, baseCost,\n    checkArity, checkValue, valueBytes, bytesItems, bytesFields, addValueBytes, itemsLength, itemsReverse,\n    itemsReverseAux, arityWant, liftE, fail, failWith, charged, admitNum, numberOfNat, numFloat, Binary64.admit, asStr,\n    Text.utf16, Text.utf16Char, String.utf8ByteSize]\n\nNote: This linter can be disabled with `set_option linter.unusedSimpArgs false`",
   "level": "warning"},
  {"message":
   "Algal/Expr/Theorems.lean:495:15: This simp argument is unused:\n  R_bind_eq\n\nHint: Omit it from the simp argument list.\n  [apply] simp (decide := true) [Bind.bind, Pure.pure, Except.bind, Except.map, postCheck, R_pure_eq, charge, baseCost,\n    checkArity, checkValue, valueBytes, bytesItems, bytesFields, addValueBytes, itemsLength, itemsReverse,\n    itemsReverseAux, arityWant, liftE, fail, failWith, charged, admitNum, numberOfNat, numFloat, Binary64.admit, asStr,\n    Text.utf16, Text.utf16Char, String.utf8ByteSize]\n\nNote: This linter can be disabled with `set_option linter.unusedSimpArgs false`",
   "level": "warning"},
  {"message":
   "Algal/Expr/Theorems.lean:495:26: This simp argument is unused:\n  R_pure_eq\n\nHint: Omit it from the simp argument list.\n  [apply] simp (decide := true) [Bind.bind, Pure.pure, Except.bind, Except.map, postCheck, R_bind_eq, charge, baseCost,\n    checkArity, checkValue, valueBytes, bytesItems, bytesFields, addValueBytes, itemsLength, itemsReverse,\n    itemsReverseAux, arityWant, liftE, fail, failWith, charged, admitNum, numberOfNat, numFloat, Binary64.admit, asStr,\n    Text.utf16, Text.utf16Char, String.utf8ByteSize]\n\nNote: This linter can be disabled with `set_option linter.unusedSimpArgs false`",
   "level": "warning"},
  {"message":
   "Algal/Expr/Theorems.lean:495:45: This simp argument is unused:\n  baseCost\n\nHint: Omit it from the simp argument list.\n  [apply] simp (decide := true) [Bind.bind, Pure.pure, Except.bind, Except.map, postCheck, R_bind_eq, R_pure_eq, charge,\n    checkArity, checkValue, valueBytes, bytesItems, bytesFields, addValueBytes, itemsLength, itemsReverse,\n    itemsReverseAux, arityWant, liftE, fail, failWith, charged, admitNum, numberOfNat, numFloat, Binary64.admit, asStr,\n    Text.utf16, Text.utf16Char, String.utf8ByteSize]\n\nNote: This linter can be disabled with `set_option linter.unusedSimpArgs false`",
   "level": "warning"},
  {"message":
   "Algal/Expr/Theorems.lean:495:55: This simp argument is unused:\n  checkArity\n\nHint: Omit it from the simp argument list.\n  [apply] simp (decide := true) [Bind.bind, Pure.pure, Except.bind, Except.map, postCheck, R_bind_eq, R_pure_eq, charge,\n    baseCost, checkValue, valueBytes, bytesItems, bytesFields, addValueBytes, itemsLength, itemsReverse,\n    itemsReverseAux, arityWant, liftE, fail, failWith, charged, admitNum, numberOfNat, numFloat, Binary64.admit, asStr,\n    Text.utf16, Text.utf16Char, String.utf8ByteSize]\n\nNote: This linter can be disabled with `set_option linter.unusedSimpArgs false`",
   "level": "warning"},
  {"message":
   "Algal/Expr/Theorems.lean:496:16: This simp argument is unused:\n  bytesItems\n\nHint: Omit it from the simp argument list.\n  [apply] simp (decide := true) [Bind.bind, Pure.pure, Except.bind, Except.map, postCheck, R_bind_eq, R_pure_eq, charge,\n    baseCost, checkArity, checkValue, valueBytes, bytesFields, addValueBytes, itemsLength, itemsReverse,\n    itemsReverseAux, arityWant, liftE, fail, failWith, charged, admitNum, numberOfNat, numFloat, Binary64.admit, asStr,\n    Text.utf16, Text.utf16Char, String.utf8ByteSize]\n\nNote: This linter can be disabled with `set_option linter.unusedSimpArgs false`",
   "level": "warning"},
  {"message":
   "Algal/Expr/Theorems.lean:496:28: This simp argument is unused:\n  bytesFields\n\nHint: Omit it from the simp argument list.\n  [apply] simp (decide := true) [Bind.bind, Pure.pure, Except.bind, Except.map, postCheck, R_bind_eq, R_pure_eq, charge,\n    baseCost, checkArity, checkValue, valueBytes, bytesItems, addValueBytes, itemsLength, itemsReverse, itemsReverseAux,\n    arityWant, liftE, fail, failWith, charged, admitNum, numberOfNat, numFloat, Binary64.admit, asStr, Text.utf16,\n    Text.utf16Char, String.utf8ByteSize]\n\nNote: This linter can be disabled with `set_option linter.unusedSimpArgs false`",
   "level": "warning"},
  {"message":
   "Algal/Expr/Theorems.lean:496:41: This simp argument is unused:\n  addValueBytes\n\nHint: Omit it from the simp argument list.\n  [apply] simp (decide := true) [Bind.bind, Pure.pure, Except.bind, Except.map, postCheck, R_bind_eq, R_pure_eq, charge,\n    baseCost, checkArity, checkValue, valueBytes, bytesItems, bytesFields, itemsLength, itemsReverse, itemsReverseAux,\n    arityWant, liftE, fail, failWith, charged, admitNum, numberOfNat, numFloat, Binary64.admit, asStr, Text.utf16,\n    Text.utf16Char, String.utf8ByteSize]\n\nNote: This linter can be disabled with `set_option linter.unusedSimpArgs false`",
   "level": "warning"},
  {"message":
   "Algal/Expr/Theorems.lean:496:56: This simp argument is unused:\n  itemsLength\n\nHint: Omit it from the simp argument list.\n  [apply] simp (decide := true) [Bind.bind, Pure.pure, Except.bind, Except.map, postCheck, R_bind_eq, R_pure_eq, charge,\n    baseCost, checkArity, checkValue, valueBytes, bytesItems, bytesFields, addValueBytes, itemsReverse, itemsReverseAux,\n    arityWant, liftE, fail, failWith, charged, admitNum, numberOfNat, numFloat, Binary64.admit, asStr, Text.utf16,\n    Text.utf16Char, String.utf8ByteSize]\n\nNote: This linter can be disabled with `set_option linter.unusedSimpArgs false`",
   "level": "warning"},
  {"message":
   "Algal/Expr/Theorems.lean:497:4: This simp argument is unused:\n  itemsReverse\n\nHint: Omit it from the simp argument list.\n  [apply] simp (decide := true) [Bind.bind, Pure.pure, Except.bind, Except.map, postCheck, R_bind_eq, R_pure_eq, charge,\n    baseCost, checkArity, checkValue, valueBytes, bytesItems, bytesFields, addValueBytes, itemsLength, itemsReverseAux,\n    arityWant, liftE, fail, failWith, charged, admitNum, numberOfNat, numFloat, Binary64.admit, asStr, Text.utf16,\n    Text.utf16Char, String.utf8ByteSize]\n\nNote: This linter can be disabled with `set_option linter.unusedSimpArgs false`",
   "level": "warning"},
  {"message":
   "Algal/Expr/Theorems.lean:497:18: This simp argument is unused:\n  itemsReverseAux\n\nHint: Omit it from the simp argument list.\n  [apply] simp (decide := true) [Bind.bind, Pure.pure, Except.bind, Except.map, postCheck, R_bind_eq, R_pure_eq, charge,\n    baseCost, checkArity, checkValue, valueBytes, bytesItems, bytesFields, addValueBytes, itemsLength, itemsReverse,\n    arityWant, liftE, fail, failWith, charged, admitNum, numberOfNat, numFloat, Binary64.admit, asStr, Text.utf16,\n    Text.utf16Char, String.utf8ByteSize]\n\nNote: This linter can be disabled with `set_option linter.unusedSimpArgs false`",
   "level": "warning"},
  {"message":
   "Algal/Expr/Theorems.lean:497:35: This simp argument is unused:\n  arityWant\n\nHint: Omit it from the simp argument list.\n  [apply] simp (decide := true) [Bind.bind, Pure.pure, Except.bind, Except.map, postCheck, R_bind_eq, R_pure_eq, charge,\n    baseCost, checkArity, checkValue, valueBytes, bytesItems, bytesFields, addValueBytes, itemsLength, itemsReverse,\n    itemsReverseAux, liftE, fail, failWith, charged, admitNum, numberOfNat, numFloat, Binary64.admit, asStr, Text.utf16,\n    Text.utf16Char, String.utf8ByteSize]\n\nNote: This linter can be disabled with `set_option linter.unusedSimpArgs false`",
   "level": "warning"},
  {"message":
   "Algal/Expr/Theorems.lean:497:46: This simp argument is unused:\n  liftE\n\nHint: Omit it from the simp argument list.\n  [apply] simp (decide := true) [Bind.bind, Pure.pure, Except.bind, Except.map, postCheck, R_bind_eq, R_pure_eq, charge,\n    baseCost, checkArity, checkValue, valueBytes, bytesItems, bytesFields, addValueBytes, itemsLength, itemsReverse,\n    itemsReverseAux, arityWant, fail, failWith, charged, admitNum, numberOfNat, numFloat, Binary64.admit, asStr,\n    Text.utf16, Text.utf16Char, String.utf8ByteSize]\n\nNote: This linter can be disabled with `set_option linter.unusedSimpArgs false`",
   "level": "warning"},
  {"message":
   "Algal/Expr/Theorems.lean:497:53: This simp argument is unused:\n  fail\n\nHint: Omit it from the simp argument list.\n  [apply] simp (decide := true) [Bind.bind, Pure.pure, Except.bind, Except.map, postCheck, R_bind_eq, R_pure_eq, charge,\n    baseCost, checkArity, checkValue, valueBytes, bytesItems, bytesFields, addValueBytes, itemsLength, itemsReverse,\n    itemsReverseAux, arityWant, liftE, failWith, charged, admitNum, numberOfNat, numFloat, Binary64.admit, asStr,\n    Text.utf16, Text.utf16Char, String.utf8ByteSize]\n\nNote: This linter can be disabled with `set_option linter.unusedSimpArgs false`",
   "level": "warning"},
  {"message":
   "Algal/Expr/Theorems.lean:497:59: This simp argument is unused:\n  failWith\n\nHint: Omit it from the simp argument list.\n  [apply] simp (decide := true) [Bind.bind, Pure.pure, Except.bind, Except.map, postCheck, R_bind_eq, R_pure_eq, charge,\n    baseCost, checkArity, checkValue, valueBytes, bytesItems, bytesFields, addValueBytes, itemsLength, itemsReverse,\n    itemsReverseAux, arityWant, liftE, fail, charged, admitNum, numberOfNat, numFloat, Binary64.admit, asStr,\n    Text.utf16, Text.utf16Char, String.utf8ByteSize]\n\nNote: This linter can be disabled with `set_option linter.unusedSimpArgs false`",
   "level": "warning"},
  {"message":
   "Algal/Expr/Theorems.lean:497:69: This simp argument is unused:\n  charged\n\nHint: Omit it from the simp argument list.\n  [apply] simp (decide := true) [Bind.bind, Pure.pure, Except.bind, Except.map, postCheck, R_bind_eq, R_pure_eq, charge,\n    baseCost, checkArity, checkValue, valueBytes, bytesItems, bytesFields, addValueBytes, itemsLength, itemsReverse,\n    itemsReverseAux, arityWant, liftE, fail, failWith, admitNum, numberOfNat, numFloat, Binary64.admit, asStr,\n    Text.utf16, Text.utf16Char, String.utf8ByteSize]\n\nNote: This linter can be disabled with `set_option linter.unusedSimpArgs false`",
   "level": "warning"},
  {"message":
   "Algal/Expr/Theorems.lean:498:4: This simp argument is unused:\n  admitNum\n\nHint: Omit it from the simp argument list.\n  [apply] simp (decide := true) [Bind.bind, Pure.pure, Except.bind, Except.map, postCheck, R_bind_eq, R_pure_eq, charge,\n    baseCost, checkArity, checkValue, valueBytes, bytesItems, bytesFields, addValueBytes, itemsLength, itemsReverse,\n    itemsReverseAux, arityWant, liftE, fail, failWith, charged, numberOfNat, numFloat, Binary64.admit, asStr,\n    Text.utf16, Text.utf16Char, String.utf8ByteSize]\n\nNote: This linter can be disabled with `set_option linter.unusedSimpArgs false`",
   "level": "warning"},
  {"message":
   "Algal/Expr/Theorems.lean:498:14: This simp argument is unused:\n  numberOfNat\n\nHint: Omit it from the simp argument list.\n  [apply] simp (decide := true) [Bind.bind, Pure.pure, Except.bind, Except.map, postCheck, R_bind_eq, R_pure_eq, charge,\n    baseCost, checkArity, checkValue, valueBytes, bytesItems, bytesFields, addValueBytes, itemsLength, itemsReverse,\n    itemsReverseAux, arityWant, liftE, fail, failWith, charged, admitNum, numFloat, Binary64.admit, asStr, Text.utf16,\n    Text.utf16Char, String.utf8ByteSize]\n\nNote: This linter can be disabled with `set_option linter.unusedSimpArgs false`",
   "level": "warning"},
  {"message":
   "Algal/Expr/Theorems.lean:498:27: This simp argument is unused:\n  numFloat\n\nHint: Omit it from the simp argument list.\n  [apply] simp (decide := true) [Bind.bind, Pure.pure, Except.bind, Except.map, postCheck, R_bind_eq, R_pure_eq, charge,\n    baseCost, checkArity, checkValue, valueBytes, bytesItems, bytesFields, addValueBytes, itemsLength, itemsReverse,\n    itemsReverseAux, arityWant, liftE, fail, failWith, charged, admitNum, numberOfNat, Binary64.admit, asStr,\n    Text.utf16, Text.utf16Char, String.utf8ByteSize]\n\nNote: This linter can be disabled with `set_option linter.unusedSimpArgs false`",
   "level": "warning"},
  {"message":
   "Algal/Expr/Theorems.lean:498:37: This simp argument is unused:\n  Binary64.admit\n\nHint: Omit it from the simp argument list.\n  [apply] simp (decide := true) [Bind.bind, Pure.pure, Except.bind, Except.map, postCheck, R_bind_eq, R_pure_eq, charge,\n    baseCost, checkArity, checkValue, valueBytes, bytesItems, bytesFields, addValueBytes, itemsLength, itemsReverse,\n    itemsReverseAux, arityWant, liftE, fail, failWith, charged, admitNum, numberOfNat, numFloat, asStr, Text.utf16,\n    Text.utf16Char, String.utf8ByteSize]\n\nNote: This linter can be disabled with `set_option linter.unusedSimpArgs false`",
   "level": "warning"},
  {"message":
   "Algal/Expr/Theorems.lean:498:53: This simp argument is unused:\n  asStr\n\nHint: Omit it from the simp argument list.\n  [apply] simp (decide := true) [Bind.bind, Pure.pure, Except.bind, Except.map, postCheck, R_bind_eq, R_pure_eq, charge,\n    baseCost, checkArity, checkValue, valueBytes, bytesItems, bytesFields, addValueBytes, itemsLength, itemsReverse,\n    itemsReverseAux, arityWant, liftE, fail, failWith, charged, admitNum, numberOfNat, numFloat, Binary64.admit,\n    Text.utf16, Text.utf16Char, String.utf8ByteSize]\n\nNote: This linter can be disabled with `set_option linter.unusedSimpArgs false`",
   "level": "warning"},
  {"message":
   "Algal/Expr/Theorems.lean:498:60: This simp argument is unused:\n  Text.utf16\n\nHint: Omit it from the simp argument list.\n  [apply] simp (decide := true) [Bind.bind, Pure.pure, Except.bind, Except.map, postCheck, R_bind_eq, R_pure_eq, charge,\n    baseCost, checkArity, checkValue, valueBytes, bytesItems, bytesFields, addValueBytes, itemsLength, itemsReverse,\n    itemsReverseAux, arityWant, liftE, fail, failWith, charged, admitNum, numberOfNat, numFloat, Binary64.admit, asStr,\n    Text.utf16Char, String.utf8ByteSize]\n\nNote: This linter can be disabled with `set_option linter.unusedSimpArgs false`",
   "level": "warning"},
  {"message":
   "Algal/Expr/Theorems.lean:499:20: This simp argument is unused:\n  String.utf8ByteSize\n\nHint: Omit it from the simp argument list.\n  [apply] simp (decide := true) [Bind.bind, Pure.pure, Except.bind, Except.map, postCheck, R_bind_eq, R_pure_eq, charge,\n    baseCost, checkArity, checkValue, valueBytes, bytesItems, bytesFields, addValueBytes, itemsLength, itemsReverse,\n    itemsReverseAux, arityWant, liftE, fail, failWith, charged, admitNum, numberOfNat, numFloat, Binary64.admit, asStr,\n    Text.utf16, Text.utf16Char]\n\nNote: This linter can be disabled with `set_option linter.unusedSimpArgs false`",
   "level": "warning"},
  {"message":
   "Algal/Expr/Theorems.lean:531:25: This simp argument is unused:\n  Except.bind\n\nHint: Omit it from the simp argument list.\n  [apply] simp (decide := true) [Except.map, eval, itemsFromList, machine, postCheck, R_bind_eq, R_pure_eq, charge,\n    baseCost, checkArity, checkValue, valueBytes, bytesItems, bytesFields, addValueBytes, itemsLength, itemsReverse,\n    itemsReverseAux, arityWant, liftE, fail, failWith, charged, admitNum, numberOfNat, numFloat, Binary64.admit, asStr,\n    errArg]\n\nNote: This linter can be disabled with `set_option linter.unusedSimpArgs false`",
   "level": "warning"},
  {"message":
   "Algal/Expr/Theorems.lean:531:38: This simp argument is unused:\n  Except.map\n\nHint: Omit it from the simp argument list.\n  [apply] simp (decide := true) [Except.bind, eval, itemsFromList, machine, postCheck, R_bind_eq, R_pure_eq, charge,\n    baseCost, checkArity, checkValue, valueBytes, bytesItems, bytesFields, addValueBytes, itemsLength, itemsReverse,\n    itemsReverseAux, arityWant, liftE, fail, failWith, charged, admitNum, numberOfNat, numFloat, Binary64.admit, asStr,\n    errArg]\n\nNote: This linter can be disabled with `set_option linter.unusedSimpArgs false`",
   "level": "warning"},
  {"message":
   "Algal/Expr/Theorems.lean:532:33: This simp argument is unused:\n  checkArity\n\nHint: Omit it from the simp argument list.\n  [apply] simp (decide := true) [Except.bind, Except.map, eval, itemsFromList, machine, postCheck, R_bind_eq, R_pure_eq,\n    charge, baseCost, checkValue, valueBytes, bytesItems, bytesFields, addValueBytes, itemsLength, itemsReverse,\n    itemsReverseAux, arityWant, liftE, fail, failWith, charged, admitNum, numberOfNat, numFloat, Binary64.admit, asStr,\n    errArg]\n\nNote: This linter can be disabled with `set_option linter.unusedSimpArgs false`",
   "level": "warning"},
  {"message":
   "Algal/Expr/Theorems.lean:533:4: This simp argument is unused:\n  bytesItems\n\nHint: Omit it from the simp argument list.\n  [apply] simp (decide := true) [Except.bind, Except.map, eval, itemsFromList, machine, postCheck, R_bind_eq, R_pure_eq,\n    charge, baseCost, checkArity, checkValue, valueBytes, bytesFields, addValueBytes, itemsLength, itemsReverse,\n    itemsReverseAux, arityWant, liftE, fail, failWith, charged, admitNum, numberOfNat, numFloat, Binary64.admit, asStr,\n    errArg]\n\nNote: This linter can be disabled with `set_option linter.unusedSimpArgs false`",
   "level": "warning"},
  {"message":
   "Algal/Expr/Theorems.lean:533:16: This simp argument is unused:\n  bytesFields\n\nHint: Omit it from the simp argument list.\n  [apply] simp (decide := true) [Except.bind, Except.map, eval, itemsFromList, machine, postCheck, R_bind_eq, R_pure_eq,\n    charge, baseCost, checkArity, checkValue, valueBytes, bytesItems, addValueBytes, itemsLength, itemsReverse,\n    itemsReverseAux, arityWant, liftE, fail, failWith, charged, admitNum, numberOfNat, numFloat, Binary64.admit, asStr,\n    errArg]\n\nNote: This linter can be disabled with `set_option linter.unusedSimpArgs false`",
   "level": "warning"},
  {"message":
   "Algal/Expr/Theorems.lean:533:29: This simp argument is unused:\n  addValueBytes\n\nHint: Omit it from the simp argument list.\n  [apply] simp (decide := true) [Except.bind, Except.map, eval, itemsFromList, machine, postCheck, R_bind_eq, R_pure_eq,\n    charge, baseCost, checkArity, checkValue, valueBytes, bytesItems, bytesFields, itemsLength, itemsReverse,\n    itemsReverseAux, arityWant, liftE, fail, failWith, charged, admitNum, numberOfNat, numFloat, Binary64.admit, asStr,\n    errArg]\n\nNote: This linter can be disabled with `set_option linter.unusedSimpArgs false`",
   "level": "warning"},
  {"message":
   "Algal/Expr/Theorems.lean:533:44: This simp argument is unused:\n  itemsLength\n\nHint: Omit it from the simp argument list.\n  [apply] simp (decide := true) [Except.bind, Except.map, eval, itemsFromList, machine, postCheck, R_bind_eq, R_pure_eq,\n    charge, baseCost, checkArity, checkValue, valueBytes, bytesItems, bytesFields, addValueBytes, itemsReverse,\n    itemsReverseAux, arityWant, liftE, fail, failWith, charged, admitNum, numberOfNat, numFloat, Binary64.admit, asStr,\n    errArg]\n\nNote: This linter can be disabled with `set_option linter.unusedSimpArgs false`",
   "level": "warning"},
  {"message":
   "Algal/Expr/Theorems.lean:533:57: This simp argument is unused:\n  itemsReverse\n\nHint: Omit it from the simp argument list.\n  [apply] simp (decide := true) [Except.bind, Except.map, eval, itemsFromList, machine, postCheck, R_bind_eq, R_pure_eq,\n    charge, baseCost, checkArity, checkValue, valueBytes, bytesItems, bytesFields, addValueBytes, itemsLength,\n    itemsReverseAux, arityWant, liftE, fail, failWith, charged, admitNum, numberOfNat, numFloat, Binary64.admit, asStr,\n    errArg]\n\nNote: This linter can be disabled with `set_option linter.unusedSimpArgs false`",
   "level": "warning"},
  {"message":
   "Algal/Expr/Theorems.lean:534:4: This simp argument is unused:\n  itemsReverseAux\n\nHint: Omit it from the simp argument list.\n  [apply] simp (decide := true) [Except.bind, Except.map, eval, itemsFromList, machine, postCheck, R_bind_eq, R_pure_eq,\n    charge, baseCost, checkArity, checkValue, valueBytes, bytesItems, bytesFields, addValueBytes, itemsLength,\n    itemsReverse, arityWant, liftE, fail, failWith, charged, admitNum, numberOfNat, numFloat, Binary64.admit, asStr,\n    errArg]\n\nNote: This linter can be disabled with `set_option linter.unusedSimpArgs false`",
   "level": "warning"},
  {"message":
   "Algal/Expr/Theorems.lean:534:21: This simp argument is unused:\n  arityWant\n\nHint: Omit it from the simp argument list.\n  [apply] simp (decide := true) [Except.bind, Except.map, eval, itemsFromList, machine, postCheck, R_bind_eq, R_pure_eq,\n    charge, baseCost, checkArity, checkValue, valueBytes, bytesItems, bytesFields, addValueBytes, itemsLength,\n    itemsReverse, itemsReverseAux, liftE, fail, failWith, charged, admitNum, numberOfNat, numFloat, Binary64.admit,\n    asStr, errArg]\n\nNote: This linter can be disabled with `set_option linter.unusedSimpArgs false`",
   "level": "warning"},
  {"message":
   "Algal/Expr/Theorems.lean:534:32: This simp argument is unused:\n  liftE\n\nHint: Omit it from the simp argument list.\n  [apply] simp (decide := true) [Except.bind, Except.map, eval, itemsFromList, machine, postCheck, R_bind_eq, R_pure_eq,\n    charge, baseCost, checkArity, checkValue, valueBytes, bytesItems, bytesFields, addValueBytes, itemsLength,\n    itemsReverse, itemsReverseAux, arityWant, fail, failWith, charged, admitNum, numberOfNat, numFloat, Binary64.admit,\n    asStr, errArg]\n\nNote: This linter can be disabled with `set_option linter.unusedSimpArgs false`",
   "level": "warning"},
  {"message":
   "Algal/Expr/Theorems.lean:534:45: This simp argument is unused:\n  failWith\n\nHint: Omit it from the simp argument list.\n  [apply] simp (decide := true) [Except.bind, Except.map, eval, itemsFromList, machine, postCheck, R_bind_eq, R_pure_eq,\n    charge, baseCost, checkArity, checkValue, valueBytes, bytesItems, bytesFields, addValueBytes, itemsLength,\n    itemsReverse, itemsReverseAux, arityWant, liftE, fail, charged, admitNum, numberOfNat, numFloat, Binary64.admit,\n    asStr, errArg]\n\nNote: This linter can be disabled with `set_option linter.unusedSimpArgs false`",
   "level": "warning"},
  {"message":
   "Algal/Expr/Theorems.lean:534:55: This simp argument is unused:\n  charged\n\nHint: Omit it from the simp argument list.\n  [apply] simp (decide := true) [Except.bind, Except.map, eval, itemsFromList, machine, postCheck, R_bind_eq, R_pure_eq,\n    charge, baseCost, checkArity, checkValue, valueBytes, bytesItems, bytesFields, addValueBytes, itemsLength,\n    itemsReverse, itemsReverseAux, arityWant, liftE, fail, failWith, admitNum, numberOfNat, numFloat, Binary64.admit,\n    asStr, errArg]\n\nNote: This linter can be disabled with `set_option linter.unusedSimpArgs false`",
   "level": "warning"},
  {"message":
   "Algal/Expr/Theorems.lean:534:64: This simp argument is unused:\n  admitNum\n\nHint: Omit it from the simp argument list.\n  [apply] simp (decide := true) [Except.bind, Except.map, eval, itemsFromList, machine, postCheck, R_bind_eq, R_pure_eq,\n    charge, baseCost, checkArity, checkValue, valueBytes, bytesItems, bytesFields, addValueBytes, itemsLength,\n    itemsReverse, itemsReverseAux, arityWant, liftE, fail, failWith, charged, numberOfNat, numFloat, Binary64.admit,\n    asStr, errArg]\n\nNote: This linter can be disabled with `set_option linter.unusedSimpArgs false`",
   "level": "warning"},
  {"message":
   "Algal/Expr/Theorems.lean:535:4: This simp argument is unused:\n  numberOfNat\n\nHint: Omit it from the simp argument list.\n  [apply] simp (decide := true) [Except.bind, Except.map, eval, itemsFromList, machine, postCheck, R_bind_eq, R_pure_eq,\n    charge, baseCost, checkArity, checkValue, valueBytes, bytesItems, bytesFields, addValueBytes, itemsLength,\n    itemsReverse, itemsReverseAux, arityWant, liftE, fail, failWith, charged, admitNum, numFloat, Binary64.admit, asStr,\n    errArg]\n\nNote: This linter can be disabled with `set_option linter.unusedSimpArgs false`",
   "level": "warning"},
  {"message":
   "Algal/Expr/Theorems.lean:535:17: This simp argument is unused:\n  numFloat\n\nHint: Omit it from the simp argument list.\n  [apply] simp (decide := true) [Except.bind, Except.map, eval, itemsFromList, machine, postCheck, R_bind_eq, R_pure_eq,\n    charge, baseCost, checkArity, checkValue, valueBytes, bytesItems, bytesFields, addValueBytes, itemsLength,\n    itemsReverse, itemsReverseAux, arityWant, liftE, fail, failWith, charged, admitNum, numberOfNat, Binary64.admit,\n    asStr, errArg]\n\nNote: This linter can be disabled with `set_option linter.unusedSimpArgs false`",
   "level": "warning"},
  {"message":
   "Algal/Expr/Theorems.lean:535:27: This simp argument is unused:\n  Binary64.admit\n\nHint: Omit it from the simp argument list.\n  [apply] simp (decide := true) [Except.bind, Except.map, eval, itemsFromList, machine, postCheck, R_bind_eq, R_pure_eq,\n    charge, baseCost, checkArity, checkValue, valueBytes, bytesItems, bytesFields, addValueBytes, itemsLength,\n    itemsReverse, itemsReverseAux, arityWant, liftE, fail, failWith, charged, admitNum, numberOfNat, numFloat, asStr,\n    errArg]\n\nNote: This linter can be disabled with `set_option linter.unusedSimpArgs false`",
   "level": "warning"},
  {"message":
   "Algal/Expr/Theorems.lean:593:25: This simp argument is unused:\n  Except.bind\n\nHint: Omit it from the simp argument list.\n  [apply] simp (decide := true) [Except.map, evalFuelled, eval, itemsFromList, machine, postCheck, R_bind_eq, R_pure_eq,\n    charge, baseCost, checkArity, checkValue, valueBytes, bytesItems, bytesFields, addValueBytes, itemsLength,\n    itemsReverse, itemsReverseAux, arityWant, liftE, fail, failWith, charged, admitNum, numberOfNat, numFloat,\n    Binary64.admit, numFold, emitNum, numValOfBits, replay, fuelErr]\n\nNote: This linter can be disabled with `set_option linter.unusedSimpArgs false`",
   "level": "warning"},
  {"message":
   "Algal/Expr/Theorems.lean:593:38: This simp argument is unused:\n  Except.map\n\nHint: Omit it from the simp argument list.\n  [apply] simp (decide := true) [Except.bind, evalFuelled, eval, itemsFromList, machine, postCheck, R_bind_eq,\n    R_pure_eq, charge, baseCost, checkArity, checkValue, valueBytes, bytesItems, bytesFields, addValueBytes,\n    itemsLength, itemsReverse, itemsReverseAux, arityWant, liftE, fail, failWith, charged, admitNum, numberOfNat,\n    numFloat, Binary64.admit, numFold, emitNum, numValOfBits, replay, fuelErr]\n\nNote: This linter can be disabled with `set_option linter.unusedSimpArgs false`",
   "level": "warning"},
  {"message":
   "Algal/Expr/Theorems.lean:595:28: This simp argument is unused:\n  bytesItems\n\nHint: Omit it from the simp argument list.\n  [apply] simp (decide := true) [Except.bind, Except.map, evalFuelled, eval, itemsFromList, machine, postCheck,\n    R_bind_eq, R_pure_eq, charge, baseCost, checkArity, checkValue, valueBytes, bytesFields, addValueBytes, itemsLength,\n    itemsReverse, itemsReverseAux, arityWant, liftE, fail, failWith, charged, admitNum, numberOfNat, numFloat,\n    Binary64.admit, numFold, emitNum, numValOfBits, replay, fuelErr]\n\nNote: This linter can be disabled with `set_option linter.unusedSimpArgs false`",
   "level": "warning"},
  {"message":
   "Algal/Expr/Theorems.lean:595:40: This simp argument is unused:\n  bytesFields\n\nHint: Omit it from the simp argument list.\n  [apply] simp (decide := true) [Except.bind, Except.map, evalFuelled, eval, itemsFromList, machine, postCheck,\n    R_bind_eq, R_pure_eq, charge, baseCost, checkArity, checkValue, valueBytes, bytesItems, addValueBytes, itemsLength,\n    itemsReverse, itemsReverseAux, arityWant, liftE, fail, failWith, charged, admitNum, numberOfNat, numFloat,\n    Binary64.admit, numFold, emitNum, numValOfBits, replay, fuelErr]\n\nNote: This linter can be disabled with `set_option linter.unusedSimpArgs false`",
   "level": "warning"},
  {"message":
   "Algal/Expr/Theorems.lean:596:4: This simp argument is unused:\n  itemsLength\n\nHint: Omit it from the simp argument list.\n  [apply] simp (decide := true) [Except.bind, Except.map, evalFuelled, eval, itemsFromList, machine, postCheck,\n    R_bind_eq, R_pure_eq, charge, baseCost, checkArity, checkValue, valueBytes, bytesItems, bytesFields, addValueBytes,\n    itemsReverse, itemsReverseAux, arityWant, liftE, fail, failWith, charged, admitNum, numberOfNat, numFloat,\n    Binary64.admit, numFold, emitNum, numValOfBits, replay, fuelErr]\n\nNote: This linter can be disabled with `set_option linter.unusedSimpArgs false`",
   "level": "warning"},
  {"message":
   "Algal/Expr/Theorems.lean:596:48: This simp argument is unused:\n  arityWant\n\nHint: Omit it from the simp argument list.\n  [apply] simp (decide := true) [Except.bind, Except.map, evalFuelled, eval, itemsFromList, machine, postCheck,\n    R_bind_eq, R_pure_eq, charge, baseCost, checkArity, checkValue, valueBytes, bytesItems, bytesFields, addValueBytes,\n    itemsLength, itemsReverse, itemsReverseAux, liftE, fail, failWith, charged, admitNum, numberOfNat, numFloat,\n    Binary64.admit, numFold, emitNum, numValOfBits, replay, fuelErr]\n\nNote: This linter can be disabled with `set_option linter.unusedSimpArgs false`",
   "level": "warning"},
  {"message":
   "Algal/Expr/Theorems.lean:597:4: This simp argument is unused:\n  failWith\n\nHint: Omit it from the simp argument list.\n  [apply] simp (decide := true) [Except.bind, Except.map, evalFuelled, eval, itemsFromList, machine, postCheck,\n    R_bind_eq, R_pure_eq, charge, baseCost, checkArity, checkValue, valueBytes, bytesItems, bytesFields, addValueBytes,\n    itemsLength, itemsReverse, itemsReverseAux, arityWant, liftE, fail, charged, admitNum, numberOfNat, numFloat,\n    Binary64.admit, numFold, emitNum, numValOfBits, replay, fuelErr]\n\nNote: This linter can be disabled with `set_option linter.unusedSimpArgs false`",
   "level": "warning"},
  {"message":
   "Algal/Expr/Theorems.lean:597:14: This simp argument is unused:\n  charged\n\nHint: Omit it from the simp argument list.\n  [apply] simp (decide := true) [Except.bind, Except.map, evalFuelled, eval, itemsFromList, machine, postCheck,\n    R_bind_eq, R_pure_eq, charge, baseCost, checkArity, checkValue, valueBytes, bytesItems, bytesFields, addValueBytes,\n    itemsLength, itemsReverse, itemsReverseAux, arityWant, liftE, fail, failWith, admitNum, numberOfNat, numFloat,\n    Binary64.admit, numFold, emitNum, numValOfBits, replay, fuelErr]\n\nNote: This linter can be disabled with `set_option linter.unusedSimpArgs false`",
   "level": "warning"},
  {"message":
   "Algal/Expr/Theorems.lean:598:22: This simp argument is unused:\n  numValOfBits\n\nHint: Omit it from the simp argument list.\n  [apply] simp (decide := true) [Except.bind, Except.map, evalFuelled, eval, itemsFromList, machine, postCheck,\n    R_bind_eq, R_pure_eq, charge, baseCost, checkArity, checkValue, valueBytes, bytesItems, bytesFields, addValueBytes,\n    itemsLength, itemsReverse, itemsReverseAux, arityWant, liftE, fail, failWith, charged, admitNum, numberOfNat,\n    numFloat, Binary64.admit, numFold, emitNum, replay, fuelErr]\n\nNote: This linter can be disabled with `set_option linter.unusedSimpArgs false`",
   "level": "warning"},
  {"message":
   "Algal/Expr/Theorems.lean:605:25: This simp argument is unused:\n  Except.bind\n\nHint: Omit it from the simp argument list.\n  [apply] simp (decide := true) [Except.map, evalFuelled, eval, itemsFromList, machine, postCheck, R_bind_eq, R_pure_eq,\n    charge, baseCost, checkArity, checkValue, valueBytes, bytesItems, bytesFields, addValueBytes, itemsLength,\n    itemsReverse, itemsReverseAux, arityWant, liftE, fail, failWith, charged, admitNum, numberOfNat, numFloat,\n    Binary64.admit, numFold, emitNum, numValOfBits, replay, fuelErr, valueByteCount, itemsByteCount, fieldsByteCount,\n    valueDepth, itemsDepth, fieldsDepth, stringBytes]\n\nNote: This linter can be disabled with `set_option linter.unusedSimpArgs false`",
   "level": "warning"},
  {"message":
   "Algal/Expr/Theorems.lean:605:38: This simp argument is unused:\n  Except.map\n\nHint: Omit it from the simp argument list.\n  [apply] simp (decide := true) [Except.bind, evalFuelled, eval, itemsFromList, machine, postCheck, R_bind_eq,\n    R_pure_eq, charge, baseCost, checkArity, checkValue, valueBytes, bytesItems, bytesFields, addValueBytes,\n    itemsLength, itemsReverse, itemsReverseAux, arityWant, liftE, fail, failWith, charged, admitNum, numberOfNat,\n    numFloat, Binary64.admit, numFold, emitNum, numValOfBits, replay, fuelErr, valueByteCount, itemsByteCount,\n    fieldsByteCount, valueDepth, itemsDepth, fieldsDepth, stringBytes]\n\nNote: This linter can be disabled with `set_option linter.unusedSimpArgs false`",
   "level": "warning"},
  {"message":
   "Algal/Expr/Theorems.lean:607:28: This simp argument is unused:\n  bytesItems\n\nHint: Omit it from the simp argument list.\n  [apply] simp (decide := true) [Except.bind, Except.map, evalFuelled, eval, itemsFromList, machine, postCheck,\n    R_bind_eq, R_pure_eq, charge, baseCost, checkArity, checkValue, valueBytes, bytesFields, addValueBytes, itemsLength,\n    itemsReverse, itemsReverseAux, arityWant, liftE, fail, failWith, charged, admitNum, numberOfNat, numFloat,\n    Binary64.admit, numFold, emitNum, numValOfBits, replay, fuelErr, valueByteCount, itemsByteCount, fieldsByteCount,\n    valueDepth, itemsDepth, fieldsDepth, stringBytes]\n\nNote: This linter can be disabled with `set_option linter.unusedSimpArgs false`",
   "level": "warning"},
  {"message":
   "Algal/Expr/Theorems.lean:607:40: This simp argument is unused:\n  bytesFields\n\nHint: Omit it from the simp argument list.\n  [apply] simp (decide := true) [Except.bind, Except.map, evalFuelled, eval, itemsFromList, machine, postCheck,\n    R_bind_eq, R_pure_eq, charge, baseCost, checkArity, checkValue, valueBytes, bytesItems, addValueBytes, itemsLength,\n    itemsReverse, itemsReverseAux, arityWant, liftE, fail, failWith, charged, admitNum, numberOfNat, numFloat,\n    Binary64.admit, numFold, emitNum, numValOfBits, replay, fuelErr, valueByteCount, itemsByteCount, fieldsByteCount,\n    valueDepth, itemsDepth, fieldsDepth, stringBytes]\n\nNote: This linter can be disabled with `set_option linter.unusedSimpArgs false`",
   "level": "warning"},
  {"message":
   "Algal/Expr/Theorems.lean:608:4: This simp argument is unused:\n  itemsLength\n\nHint: Omit it from the simp argument list.\n  [apply] simp (decide := true) [Except.bind, Except.map, evalFuelled, eval, itemsFromList, machine, postCheck,\n    R_bind_eq, R_pure_eq, charge, baseCost, checkArity, checkValue, valueBytes, bytesItems, bytesFields, addValueBytes,\n    itemsReverse, itemsReverseAux, arityWant, liftE, fail, failWith, charged, admitNum, numberOfNat, numFloat,\n    Binary64.admit, numFold, emitNum, numValOfBits, replay, fuelErr, valueByteCount, itemsByteCount, fieldsByteCount,\n    valueDepth, itemsDepth, fieldsDepth, stringBytes]\n\nNote: This linter can be disabled with `set_option linter.unusedSimpArgs false`",
   "level": "warning"},
  {"message":
   "Algal/Expr/Theorems.lean:608:48: This simp argument is unused:\n  arityWant\n\nHint: Omit it from the simp argument list.\n  [apply] simp (decide := true) [Except.bind, Except.map, evalFuelled, eval, itemsFromList, machine, postCheck,\n    R_bind_eq, R_pure_eq, charge, baseCost, checkArity, checkValue, valueBytes, bytesItems, bytesFields, addValueBytes,\n    itemsLength, itemsReverse, itemsReverseAux, liftE, fail, failWith, charged, admitNum, numberOfNat, numFloat,\n    Binary64.admit, numFold, emitNum, numValOfBits, replay, fuelErr, valueByteCount, itemsByteCount, fieldsByteCount,\n    valueDepth, itemsDepth, fieldsDepth, stringBytes]\n\nNote: This linter can be disabled with `set_option linter.unusedSimpArgs false`",
   "level": "warning"},
  {"message":
   "Algal/Expr/Theorems.lean:609:4: This simp argument is unused:\n  failWith\n\nHint: Omit it from the simp argument list.\n  [apply] simp (decide := true) [Except.bind, Except.map, evalFuelled, eval, itemsFromList, machine, postCheck,\n    R_bind_eq, R_pure_eq, charge, baseCost, checkArity, checkValue, valueBytes, bytesItems, bytesFields, addValueBytes,\n    itemsLength, itemsReverse, itemsReverseAux, arityWant, liftE, fail, charged, admitNum, numberOfNat, numFloat,\n    Binary64.admit, numFold, emitNum, numValOfBits, replay, fuelErr, valueByteCount, itemsByteCount, fieldsByteCount,\n    valueDepth, itemsDepth, fieldsDepth, stringBytes]\n\nNote: This linter can be disabled with `set_option linter.unusedSimpArgs false`",
   "level": "warning"},
  {"message":
   "Algal/Expr/Theorems.lean:609:14: This simp argument is unused:\n  charged\n\nHint: Omit it from the simp argument list.\n  [apply] simp (decide := true) [Except.bind, Except.map, evalFuelled, eval, itemsFromList, machine, postCheck,\n    R_bind_eq, R_pure_eq, charge, baseCost, checkArity, checkValue, valueBytes, bytesItems, bytesFields, addValueBytes,\n    itemsLength, itemsReverse, itemsReverseAux, arityWant, liftE, fail, failWith, admitNum, numberOfNat, numFloat,\n    Binary64.admit, numFold, emitNum, numValOfBits, replay, fuelErr, valueByteCount, itemsByteCount, fieldsByteCount,\n    valueDepth, itemsDepth, fieldsDepth, stringBytes]\n\nNote: This linter can be disabled with `set_option linter.unusedSimpArgs false`",
   "level": "warning"},
  {"message":
   "Algal/Expr/Theorems.lean:610:22: This simp argument is unused:\n  numValOfBits\n\nHint: Omit it from the simp argument list.\n  [apply] simp (decide := true) [Except.bind, Except.map, evalFuelled, eval, itemsFromList, machine, postCheck,\n    R_bind_eq, R_pure_eq, charge, baseCost, checkArity, checkValue, valueBytes, bytesItems, bytesFields, addValueBytes,\n    itemsLength, itemsReverse, itemsReverseAux, arityWant, liftE, fail, failWith, charged, admitNum, numberOfNat,\n    numFloat, Binary64.admit, numFold, emitNum, replay, fuelErr, valueByteCount, itemsByteCount, fieldsByteCount,\n    valueDepth, itemsDepth, fieldsDepth, stringBytes]\n\nNote: This linter can be disabled with `set_option linter.unusedSimpArgs false`",
   "level": "warning"},
  {"message":
   "Algal/Expr/Theorems.lean:610:44: This simp argument is unused:\n  fuelErr\n\nHint: Omit it from the simp argument list.\n  [apply] simp (decide := true) [Except.bind, Except.map, evalFuelled, eval, itemsFromList, machine, postCheck,\n    R_bind_eq, R_pure_eq, charge, baseCost, checkArity, checkValue, valueBytes, bytesItems, bytesFields, addValueBytes,\n    itemsLength, itemsReverse, itemsReverseAux, arityWant, liftE, fail, failWith, charged, admitNum, numberOfNat,\n    numFloat, Binary64.admit, numFold, emitNum, numValOfBits, replay, valueByteCount, itemsByteCount, fieldsByteCount,\n    valueDepth, itemsDepth, fieldsDepth, stringBytes]\n\nNote: This linter can be disabled with `set_option linter.unusedSimpArgs false`",
   "level": "warning"},
  {"message":
   "Algal/Expr/Theorems.lean:610:53: This simp argument is unused:\n  valueByteCount\n\nHint: Omit it from the simp argument list.\n  [apply] simp (decide := true) [Except.bind, Except.map, evalFuelled, eval, itemsFromList, machine, postCheck,\n    R_bind_eq, R_pure_eq, charge, baseCost, checkArity, checkValue, valueBytes, bytesItems, bytesFields, addValueBytes,\n    itemsLength, itemsReverse, itemsReverseAux, arityWant, liftE, fail, failWith, charged, admitNum, numberOfNat,\n    numFloat, Binary64.admit, numFold, emitNum, numValOfBits, replay, fuelErr, itemsByteCount, fieldsByteCount,\n    valueDepth, itemsDepth, fieldsDepth, stringBytes]\n\nNote: This linter can be disabled with `set_option linter.unusedSimpArgs false`",
   "level": "warning"},
  {"message":
   "Algal/Expr/Theorems.lean:611:4: This simp argument is unused:\n  itemsByteCount\n\nHint: Omit it from the simp argument list.\n  [apply] simp (decide := true) [Except.bind, Except.map, evalFuelled, eval, itemsFromList, machine, postCheck,\n    R_bind_eq, R_pure_eq, charge, baseCost, checkArity, checkValue, valueBytes, bytesItems, bytesFields, addValueBytes,\n    itemsLength, itemsReverse, itemsReverseAux, arityWant, liftE, fail, failWith, charged, admitNum, numberOfNat,\n    numFloat, Binary64.admit, numFold, emitNum, numValOfBits, replay, fuelErr, valueByteCount, fieldsByteCount,\n    valueDepth, itemsDepth, fieldsDepth, stringBytes]\n\nNote: This linter can be disabled with `set_option linter.unusedSimpArgs false`",
   "level": "warning"},
  {"message":
   "Algal/Expr/Theorems.lean:611:20: This simp argument is unused:\n  fieldsByteCount\n\nHint: Omit it from the simp argument list.\n  [apply] simp (decide := true) [Except.bind, Except.map, evalFuelled, eval, itemsFromList, machine, postCheck,\n    R_bind_eq, R_pure_eq, charge, baseCost, checkArity, checkValue, valueBytes, bytesItems, bytesFields, addValueBytes,\n    itemsLength, itemsReverse, itemsReverseAux, arityWant, liftE, fail, failWith, charged, admitNum, numberOfNat,\n    numFloat, Binary64.admit, numFold, emitNum, numValOfBits, replay, fuelErr, valueByteCount, itemsByteCount,\n    valueDepth, itemsDepth, fieldsDepth, stringBytes]\n\nNote: This linter can be disabled with `set_option linter.unusedSimpArgs false`",
   "level": "warning"},
  {"message":
   "Algal/Expr/Theorems.lean:611:37: This simp argument is unused:\n  valueDepth\n\nHint: Omit it from the simp argument list.\n  [apply] simp (decide := true) [Except.bind, Except.map, evalFuelled, eval, itemsFromList, machine, postCheck,\n    R_bind_eq, R_pure_eq, charge, baseCost, checkArity, checkValue, valueBytes, bytesItems, bytesFields, addValueBytes,\n    itemsLength, itemsReverse, itemsReverseAux, arityWant, liftE, fail, failWith, charged, admitNum, numberOfNat,\n    numFloat, Binary64.admit, numFold, emitNum, numValOfBits, replay, fuelErr, valueByteCount, itemsByteCount,\n    fieldsByteCount, itemsDepth, fieldsDepth, stringBytes]\n\nNote: This linter can be disabled with `set_option linter.unusedSimpArgs false`",
   "level": "warning"},
  {"message":
   "Algal/Expr/Theorems.lean:611:49: This simp argument is unused:\n  itemsDepth\n\nHint: Omit it from the simp argument list.\n  [apply] simp (decide := true) [Except.bind, Except.map, evalFuelled, eval, itemsFromList, machine, postCheck,\n    R_bind_eq, R_pure_eq, charge, baseCost, checkArity, checkValue, valueBytes, bytesItems, bytesFields, addValueBytes,\n    itemsLength, itemsReverse, itemsReverseAux, arityWant, liftE, fail, failWith, charged, admitNum, numberOfNat,\n    numFloat, Binary64.admit, numFold, emitNum, numValOfBits, replay, fuelErr, valueByteCount, itemsByteCount,\n    fieldsByteCount, valueDepth, fieldsDepth, stringBytes]\n\nNote: This linter can be disabled with `set_option linter.unusedSimpArgs false`",
   "level": "warning"},
  {"message":
   "Algal/Expr/Theorems.lean:611:61: This simp argument is unused:\n  fieldsDepth\n\nHint: Omit it from the simp argument list.\n  [apply] simp (decide := true) [Except.bind, Except.map, evalFuelled, eval, itemsFromList, machine, postCheck,\n    R_bind_eq, R_pure_eq, charge, baseCost, checkArity, checkValue, valueBytes, bytesItems, bytesFields, addValueBytes,\n    itemsLength, itemsReverse, itemsReverseAux, arityWant, liftE, fail, failWith, charged, admitNum, numberOfNat,\n    numFloat, Binary64.admit, numFold, emitNum, numValOfBits, replay, fuelErr, valueByteCount, itemsByteCount,\n    fieldsByteCount, valueDepth, itemsDepth, stringBytes]\n\nNote: This linter can be disabled with `set_option linter.unusedSimpArgs false`",
   "level": "warning"},
  {"message":
   "Algal/Expr/Theorems.lean:612:4: This simp argument is unused:\n  stringBytes\n\nHint: Omit it from the simp argument list.\n  [apply] simp (decide := true) [Except.bind, Except.map, evalFuelled, eval, itemsFromList, machine, postCheck,\n    R_bind_eq, R_pure_eq, charge, baseCost, checkArity, checkValue, valueBytes, bytesItems, bytesFields, addValueBytes,\n    itemsLength, itemsReverse, itemsReverseAux, arityWant, liftE, fail, failWith, charged, admitNum, numberOfNat,\n    numFloat, Binary64.admit, numFold, emitNum, numValOfBits, replay, fuelErr, valueByteCount, itemsByteCount,\n    fieldsByteCount, valueDepth, itemsDepth, fieldsDepth]\n\nNote: This linter can be disabled with `set_option linter.unusedSimpArgs false`",
   "level": "warning"},
  {"message":
   "Algal/Expr/Theorems.lean:624:25: This simp argument is unused:\n  Except.bind\n\nHint: Omit it from the simp argument list.\n  [apply] simp (decide := true) [Except.map, eval, itemsFromList, machine, postCheck, R_bind_eq, R_pure_eq, charge,\n    baseCost, checkArity, checkValue, valueBytes, bytesItems, bytesFields, addValueBytes, itemsLength, itemsReverse,\n    itemsReverseAux, arityWant, liftE, fail, failWith, charged, admitNum, numberOfNat, numFloat, Binary64.admit,\n    errUnmodeled]\n\nNote: This linter can be disabled with `set_option linter.unusedSimpArgs false`",
   "level": "warning"},
  {"message":
   "Algal/Expr/Theorems.lean:624:38: This simp argument is unused:\n  Except.map\n\nHint: Omit it from the simp argument list.\n  [apply] simp (decide := true) [Except.bind, eval, itemsFromList, machine, postCheck, R_bind_eq, R_pure_eq, charge,\n    baseCost, checkArity, checkValue, valueBytes, bytesItems, bytesFields, addValueBytes, itemsLength, itemsReverse,\n    itemsReverseAux, arityWant, liftE, fail, failWith, charged, admitNum, numberOfNat, numFloat, Binary64.admit,\n    errUnmodeled]\n\nNote: This linter can be disabled with `set_option linter.unusedSimpArgs false`",
   "level": "warning"},
  {"message":
   "Algal/Expr/Theorems.lean:625:33: This simp argument is unused:\n  checkArity\n\nHint: Omit it from the simp argument list.\n  [apply] simp (decide := true) [Except.bind, Except.map, eval, itemsFromList, machine, postCheck, R_bind_eq, R_pure_eq,\n    charge, baseCost, checkValue, valueBytes, bytesItems, bytesFields, addValueBytes, itemsLength, itemsReverse,\n    itemsReverseAux, arityWant, liftE, fail, failWith, charged, admitNum, numberOfNat, numFloat, Binary64.admit,\n    errUnmodeled]\n\nNote: This linter can be disabled with `set_option linter.unusedSimpArgs false`",
   "level": "warning"},
  {"message":
   "Algal/Expr/Theorems.lean:625:57: This simp argument is unused:\n  valueBytes\n\nHint: Omit it from the simp argument list.\n  [apply] simp (decide := true) [Except.bind, Except.map, eval, itemsFromList, machine, postCheck, R_bind_eq, R_pure_eq,\n    charge, baseCost, checkArity, checkValue, bytesItems, bytesFields, addValueBytes, itemsLength, itemsReverse,\n    itemsReverseAux, arityWant, liftE, fail, failWith, charged, admitNum, numberOfNat, numFloat, Binary64.admit,\n    errUnmodeled]\n\nNote: This linter can be disabled with `set_option linter.unusedSimpArgs false`",
   "level": "warning"},
  {"message":
   "Algal/Expr/Theorems.lean:626:4: This simp argument is unused:\n  bytesItems\n\nHint: Omit it from the simp argument list.\n  [apply] simp (decide := true) [Except.bind, Except.map, eval, itemsFromList, machine, postCheck, R_bind_eq, R_pure_eq,\n    charge, baseCost, checkArity, checkValue, valueBytes, bytesFields, addValueBytes, itemsLength, itemsReverse,\n    itemsReverseAux, arityWant, liftE, fail, failWith, charged, admitNum, numberOfNat, numFloat, Binary64.admit,\n    errUnmodeled]\n\nNote: This linter can be disabled with `set_option linter.unusedSimpArgs false`",
   "level": "warning"},
  {"message":
   "Algal/Expr/Theorems.lean:626:16: This simp argument is unused:\n  bytesFields\n\nHint: Omit it from the simp argument list.\n  [apply] simp (decide := true) [Except.bind, Except.map, eval, itemsFromList, machine, postCheck, R_bind_eq, R_pure_eq,\n    charge, baseCost, checkArity, checkValue, valueBytes, bytesItems, addValueBytes, itemsLength, itemsReverse,\n    itemsReverseAux, arityWant, liftE, fail, failWith, charged, admitNum, numberOfNat, numFloat, Binary64.admit,\n    errUnmodeled]\n\nNote: This linter can be disabled with `set_option linter.unusedSimpArgs false`",
   "level": "warning"},
  {"message":
   "Algal/Expr/Theorems.lean:626:29: This simp argument is unused:\n  addValueBytes\n\nHint: Omit it from the simp argument list.\n  [apply] simp (decide := true) [Except.bind, Except.map, eval, itemsFromList, machine, postCheck, R_bind_eq, R_pure_eq,\n    charge, baseCost, checkArity, checkValue, valueBytes, bytesItems, bytesFields, itemsLength, itemsReverse,\n    itemsReverseAux, arityWant, liftE, fail, failWith, charged, admitNum, numberOfNat, numFloat, Binary64.admit,\n    errUnmodeled]\n\nNote: This linter can be disabled with `set_option linter.unusedSimpArgs false`",
   "level": "warning"},
  {"message":
   "Algal/Expr/Theorems.lean:626:44: This simp argument is unused:\n  itemsLength\n\nHint: Omit it from the simp argument list.\n  [apply] simp (decide := true) [Except.bind, Except.map, eval, itemsFromList, machine, postCheck, R_bind_eq, R_pure_eq,\n    charge, baseCost, checkArity, checkValue, valueBytes, bytesItems, bytesFields, addValueBytes, itemsReverse,\n    itemsReverseAux, arityWant, liftE, fail, failWith, charged, admitNum, numberOfNat, numFloat, Binary64.admit,\n    errUnmodeled]\n\nNote: This linter can be disabled with `set_option linter.unusedSimpArgs false`",
   "level": "warning"},
  {"message":
   "Algal/Expr/Theorems.lean:626:57: This simp argument is unused:\n  itemsReverse\n\nHint: Omit it from the simp argument list.\n  [apply] simp (decide := true) [Except.bind, Except.map, eval, itemsFromList, machine, postCheck, R_bind_eq, R_pure_eq,\n    charge, baseCost, checkArity, checkValue, valueBytes, bytesItems, bytesFields, addValueBytes, itemsLength,\n    itemsReverseAux, arityWant, liftE, fail, failWith, charged, admitNum, numberOfNat, numFloat, Binary64.admit,\n    errUnmodeled]\n\nNote: This linter can be disabled with `set_option linter.unusedSimpArgs false`",
   "level": "warning"},
  {"message":
   "Algal/Expr/Theorems.lean:627:4: This simp argument is unused:\n  itemsReverseAux\n\nHint: Omit it from the simp argument list.\n  [apply] simp (decide := true) [Except.bind, Except.map, eval, itemsFromList, machine, postCheck, R_bind_eq, R_pure_eq,\n    charge, baseCost, checkArity, checkValue, valueBytes, bytesItems, bytesFields, addValueBytes, itemsLength,\n    itemsReverse, arityWant, liftE, fail, failWith, charged, admitNum, numberOfNat, numFloat, Binary64.admit,\n    errUnmodeled]\n\nNote: This linter can be disabled with `set_option linter.unusedSimpArgs false`",
   "level": "warning"},
  {"message":
   "Algal/Expr/Theorems.lean:627:21: This simp argument is unused:\n  arityWant\n\nHint: Omit it from the simp argument list.\n  [apply] simp (decide := true) [Except.bind, Except.map, eval, itemsFromList, machine, postCheck, R_bind_eq, R_pure_eq,\n    charge, baseCost, checkArity, checkValue, valueBytes, bytesItems, bytesFields, addValueBytes, itemsLength,\n    itemsReverse, itemsReverseAux, liftE, fail, failWith, charged, admitNum, numberOfNat, numFloat, Binary64.admit,\n    errUnmodeled]\n\nNote: This linter can be disabled with `set_option linter.unusedSimpArgs false`",
   "level": "warning"},
  {"message":
   "Algal/Expr/Theorems.lean:627:32: This simp argument is unused:\n  liftE\n\nHint: Omit it from the simp argument list.\n  [apply] simp (decide := true) [Except.bind, Except.map, eval, itemsFromList, machine, postCheck, R_bind_eq, R_pure_eq,\n    charge, baseCost, checkArity, checkValue, valueBytes, bytesItems, bytesFields, addValueBytes, itemsLength,\n    itemsReverse, itemsReverseAux, arityWant, fail, failWith, charged, admitNum, numberOfNat, numFloat, Binary64.admit,\n    errUnmodeled]\n\nNote: This linter can be disabled with `set_option linter.unusedSimpArgs false`",
   "level": "warning"},
  {"message":
   "Algal/Expr/Theorems.lean:627:45: This simp argument is unused:\n  failWith\n\nHint: Omit it from the simp argument list.\n  [apply] simp (decide := true) [Except.bind, Except.map, eval, itemsFromList, machine, postCheck, R_bind_eq, R_pure_eq,\n    charge, baseCost, checkArity, checkValue, valueBytes, bytesItems, bytesFields, addValueBytes, itemsLength,\n    itemsReverse, itemsReverseAux, arityWant, liftE, fail, charged, admitNum, numberOfNat, numFloat, Binary64.admit,\n    errUnmodeled]\n\nNote: This linter can be disabled with `set_option linter.unusedSimpArgs false`",
   "level": "warning"},
  {"message":
   "Algal/Expr/Theorems.lean:627:55: This simp argument is unused:\n  charged\n\nHint: Omit it from the simp argument list.\n  [apply] simp (decide := true) [Except.bind, Except.map, eval, itemsFromList, machine, postCheck, R_bind_eq, R_pure_eq,\n    charge, baseCost, checkArity, checkValue, valueBytes, bytesItems, bytesFields, addValueBytes, itemsLength,\n    itemsReverse, itemsReverseAux, arityWant, liftE, fail, failWith, admitNum, numberOfNat, numFloat, Binary64.admit,\n    errUnmodeled]\n\nNote: This linter can be disabled with `set_option linter.unusedSimpArgs false`",
   "level": "warning"},
  {"message":
   "Algal/Expr/Theorems.lean:627:64: This simp argument is unused:\n  admitNum\n\nHint: Omit it from the simp argument list.\n  [apply] simp (decide := true) [Except.bind, Except.map, eval, itemsFromList, machine, postCheck, R_bind_eq, R_pure_eq,\n    charge, baseCost, checkArity, checkValue, valueBytes, bytesItems, bytesFields, addValueBytes, itemsLength,\n    itemsReverse, itemsReverseAux, arityWant, liftE, fail, failWith, charged, numberOfNat, numFloat, Binary64.admit,\n    errUnmodeled]\n\nNote: This linter can be disabled with `set_option linter.unusedSimpArgs false`",
   "level": "warning"},
  {"message":
   "Algal/Expr/Theorems.lean:628:17: This simp argument is unused:\n  numFloat\n\nHint: Omit it from the simp argument list.\n  [apply] simp (decide := true) [Except.bind, Except.map, eval, itemsFromList, machine, postCheck, R_bind_eq, R_pure_eq,\n    charge, baseCost, checkArity, checkValue, valueBytes, bytesItems, bytesFields, addValueBytes, itemsLength,\n    itemsReverse, itemsReverseAux, arityWant, liftE, fail, failWith, charged, admitNum, numberOfNat, Binary64.admit,\n    errUnmodeled]\n\nNote: This linter can be disabled with `set_option linter.unusedSimpArgs false`",
   "level": "warning"},
  {"message":
   "Algal/Expr/Theorems.lean:635:25: This simp argument is unused:\n  Except.bind\n\nHint: Omit it from the simp argument list.\n  [apply] simp (decide := true) [Except.map, eval, itemsFromList, machine, postCheck, R_bind_eq, R_pure_eq, charge,\n    baseCost, checkArity, checkValue, valueBytes, bytesItems, bytesFields, addValueBytes, itemsLength, itemsReverse,\n    itemsReverseAux, arityWant, liftE, fail, failWith, charged, admitNum, numberOfNat, numFloat, Binary64.admit,\n    errUnmodeled]\n\nNote: This linter can be disabled with `set_option linter.unusedSimpArgs false`",
   "level": "warning"},
  {"message":
   "Algal/Expr/Theorems.lean:635:38: This simp argument is unused:\n  Except.map\n\nHint: Omit it from the simp argument list.\n  [apply] simp (decide := true) [Except.bind, eval, itemsFromList, machine, postCheck, R_bind_eq, R_pure_eq, charge,\n    baseCost, checkArity, checkValue, valueBytes, bytesItems, bytesFields, addValueBytes, itemsLength, itemsReverse,\n    itemsReverseAux, arityWant, liftE, fail, failWith, charged, admitNum, numberOfNat, numFloat, Binary64.admit,\n    errUnmodeled]\n\nNote: This linter can be disabled with `set_option linter.unusedSimpArgs false`",
   "level": "warning"},
  {"message":
   "Algal/Expr/Theorems.lean:636:33: This simp argument is unused:\n  checkArity\n\nHint: Omit it from the simp argument list.\n  [apply] simp (decide := true) [Except.bind, Except.map, eval, itemsFromList, machine, postCheck, R_bind_eq, R_pure_eq,\n    charge, baseCost, checkValue, valueBytes, bytesItems, bytesFields, addValueBytes, itemsLength, itemsReverse,\n    itemsReverseAux, arityWant, liftE, fail, failWith, charged, admitNum, numberOfNat, numFloat, Binary64.admit,\n    errUnmodeled]\n\nNote: This linter can be disabled with `set_option linter.unusedSimpArgs false`",
   "level": "warning"},
  {"message":
   "Algal/Expr/Theorems.lean:636:57: This simp argument is unused:\n  valueBytes\n\nHint: Omit it from the simp argument list.\n  [apply] simp (decide := true) [Except.bind, Except.map, eval, itemsFromList, machine, postCheck, R_bind_eq, R_pure_eq,\n    charge, baseCost, checkArity, checkValue, bytesItems, bytesFields, addValueBytes, itemsLength, itemsReverse,\n    itemsReverseAux, arityWant, liftE, fail, failWith, charged, admitNum, numberOfNat, numFloat, Binary64.admit,\n    errUnmodeled]\n\nNote: This linter can be disabled with `set_option linter.unusedSimpArgs false`",
   "level": "warning"},
  {"message":
   "Algal/Expr/Theorems.lean:637:4: This simp argument is unused:\n  bytesItems\n\nHint: Omit it from the simp argument list.\n  [apply] simp (decide := true) [Except.bind, Except.map, eval, itemsFromList, machine, postCheck, R_bind_eq, R_pure_eq,\n    charge, baseCost, checkArity, checkValue, valueBytes, bytesFields, addValueBytes, itemsLength, itemsReverse,\n    itemsReverseAux, arityWant, liftE, fail, failWith, charged, admitNum, numberOfNat, numFloat, Binary64.admit,\n    errUnmodeled]\n\nNote: This linter can be disabled with `set_option linter.unusedSimpArgs false`",
   "level": "warning"},
  {"message":
   "Algal/Expr/Theorems.lean:637:16: This simp argument is unused:\n  bytesFields\n\nHint: Omit it from the simp argument list.\n  [apply] simp (decide := true) [Except.bind, Except.map, eval, itemsFromList, machine, postCheck, R_bind_eq, R_pure_eq,\n    charge, baseCost, checkArity, checkValue, valueBytes, bytesItems, addValueBytes, itemsLength, itemsReverse,\n    itemsReverseAux, arityWant, liftE, fail, failWith, charged, admitNum, numberOfNat, numFloat, Binary64.admit,\n    errUnmodeled]\n\nNote: This linter can be disabled with `set_option linter.unusedSimpArgs false`",
   "level": "warning"},
  {"message":
   "Algal/Expr/Theorems.lean:637:29: This simp argument is unused:\n  addValueBytes\n\nHint: Omit it from the simp argument list.\n  [apply] simp (decide := true) [Except.bind, Except.map, eval, itemsFromList, machine, postCheck, R_bind_eq, R_pure_eq,\n    charge, baseCost, checkArity, checkValue, valueBytes, bytesItems, bytesFields, itemsLength, itemsReverse,\n    itemsReverseAux, arityWant, liftE, fail, failWith, charged, admitNum, numberOfNat, numFloat, Binary64.admit,\n    errUnmodeled]\n\nNote: This linter can be disabled with `set_option linter.unusedSimpArgs false`",
   "level": "warning"},
  {"message":
   "Algal/Expr/Theorems.lean:637:44: This simp argument is unused:\n  itemsLength\n\nHint: Omit it from the simp argument list.\n  [apply] simp (decide := true) [Except.bind, Except.map, eval, itemsFromList, machine, postCheck, R_bind_eq, R_pure_eq,\n    charge, baseCost, checkArity, checkValue, valueBytes, bytesItems, bytesFields, addValueBytes, itemsReverse,\n    itemsReverseAux, arityWant, liftE, fail, failWith, charged, admitNum, numberOfNat, numFloat, Binary64.admit,\n    errUnmodeled]\n\nNote: This linter can be disabled with `set_option linter.unusedSimpArgs false`",
   "level": "warning"},
  {"message":
   "Algal/Expr/Theorems.lean:637:57: This simp argument is unused:\n  itemsReverse\n\nHint: Omit it from the simp argument list.\n  [apply] simp (decide := true) [Except.bind, Except.map, eval, itemsFromList, machine, postCheck, R_bind_eq, R_pure_eq,\n    charge, baseCost, checkArity, checkValue, valueBytes, bytesItems, bytesFields, addValueBytes, itemsLength,\n    itemsReverseAux, arityWant, liftE, fail, failWith, charged, admitNum, numberOfNat, numFloat, Binary64.admit,\n    errUnmodeled]\n\nNote: This linter can be disabled with `set_option linter.unusedSimpArgs false`",
   "level": "warning"},
  {"message":
   "Algal/Expr/Theorems.lean:638:4: This simp argument is unused:\n  itemsReverseAux\n\nHint: Omit it from the simp argument list.\n  [apply] simp (decide := true) [Except.bind, Except.map, eval, itemsFromList, machine, postCheck, R_bind_eq, R_pure_eq,\n    charge, baseCost, checkArity, checkValue, valueBytes, bytesItems, bytesFields, addValueBytes, itemsLength,\n    itemsReverse, arityWant, liftE, fail, failWith, charged, admitNum, numberOfNat, numFloat, Binary64.admit,\n    errUnmodeled]\n\nNote: This linter can be disabled with `set_option linter.unusedSimpArgs false`",
   "level": "warning"},
  {"message":
   "Algal/Expr/Theorems.lean:638:21: This simp argument is unused:\n  arityWant\n\nHint: Omit it from the simp argument list.\n  [apply] simp (decide := true) [Except.bind, Except.map, eval, itemsFromList, machine, postCheck, R_bind_eq, R_pure_eq,\n    charge, baseCost, checkArity, checkValue, valueBytes, bytesItems, bytesFields, addValueBytes, itemsLength,\n    itemsReverse, itemsReverseAux, liftE, fail, failWith, charged, admitNum, numberOfNat, numFloat, Binary64.admit,\n    errUnmodeled]\n\nNote: This linter can be disabled with `set_option linter.unusedSimpArgs false`",
   "level": "warning"},
  {"message":
   "Algal/Expr/Theorems.lean:638:32: This simp argument is unused:\n  liftE\n\nHint: Omit it from the simp argument list.\n  [apply] simp (decide := true) [Except.bind, Except.map, eval, itemsFromList, machine, postCheck, R_bind_eq, R_pure_eq,\n    charge, baseCost, checkArity, checkValue, valueBytes, bytesItems, bytesFields, addValueBytes, itemsLength,\n    itemsReverse, itemsReverseAux, arityWant, fail, failWith, charged, admitNum, numberOfNat, numFloat, Binary64.admit,\n    errUnmodeled]\n\nNote: This linter can be disabled with `set_option linter.unusedSimpArgs false`",
   "level": "warning"},
  {"message":
   "Algal/Expr/Theorems.lean:638:45: This simp argument is unused:\n  failWith\n\nHint: Omit it from the simp argument list.\n  [apply] simp (decide := true) [Except.bind, Except.map, eval, itemsFromList, machine, postCheck, R_bind_eq, R_pure_eq,\n    charge, baseCost, checkArity, checkValue, valueBytes, bytesItems, bytesFields, addValueBytes, itemsLength,\n    itemsReverse, itemsReverseAux, arityWant, liftE, fail, charged, admitNum, numberOfNat, numFloat, Binary64.admit,\n    errUnmodeled]\n\nNote: This linter can be disabled with `set_option linter.unusedSimpArgs false`",
   "level": "warning"},
  {"message":
   "Algal/Expr/Theorems.lean:638:55: This simp argument is unused:\n  charged\n\nHint: Omit it from the simp argument list.\n  [apply] simp (decide := true) [Except.bind, Except.map, eval, itemsFromList, machine, postCheck, R_bind_eq, R_pure_eq,\n    charge, baseCost, checkArity, checkValue, valueBytes, bytesItems, bytesFields, addValueBytes, itemsLength,\n    itemsReverse, itemsReverseAux, arityWant, liftE, fail, failWith, admitNum, numberOfNat, numFloat, Binary64.admit,\n    errUnmodeled]\n\nNote: This linter can be disabled with `set_option linter.unusedSimpArgs false`",
   "level": "warning"},
  {"message":
   "Algal/Expr/Theorems.lean:638:64: This simp argument is unused:\n  admitNum\n\nHint: Omit it from the simp argument list.\n  [apply] simp (decide := true) [Except.bind, Except.map, eval, itemsFromList, machine, postCheck, R_bind_eq, R_pure_eq,\n    charge, baseCost, checkArity, checkValue, valueBytes, bytesItems, bytesFields, addValueBytes, itemsLength,\n    itemsReverse, itemsReverseAux, arityWant, liftE, fail, failWith, charged, numberOfNat, numFloat, Binary64.admit,\n    errUnmodeled]\n\nNote: This linter can be disabled with `set_option linter.unusedSimpArgs false`",
   "level": "warning"},
  {"message":
   "Algal/Expr/Theorems.lean:639:4: This simp argument is unused:\n  numberOfNat\n\nHint: Omit it from the simp argument list.\n  [apply] simp (decide := true) [Except.bind, Except.map, eval, itemsFromList, machine, postCheck, R_bind_eq, R_pure_eq,\n    charge, baseCost, checkArity, checkValue, valueBytes, bytesItems, bytesFields, addValueBytes, itemsLength,\n    itemsReverse, itemsReverseAux, arityWant, liftE, fail, failWith, charged, admitNum, numFloat, Binary64.admit,\n    errUnmodeled]\n\nNote: This linter can be disabled with `set_option linter.unusedSimpArgs false`",
   "level": "warning"},
  {"message":
   "Algal/Expr/Theorems.lean:639:17: This simp argument is unused:\n  numFloat\n\nHint: Omit it from the simp argument list.\n  [apply] simp (decide := true) [Except.bind, Except.map, eval, itemsFromList, machine, postCheck, R_bind_eq, R_pure_eq,\n    charge, baseCost, checkArity, checkValue, valueBytes, bytesItems, bytesFields, addValueBytes, itemsLength,\n    itemsReverse, itemsReverseAux, arityWant, liftE, fail, failWith, charged, admitNum, numberOfNat, Binary64.admit,\n    errUnmodeled]\n\nNote: This linter can be disabled with `set_option linter.unusedSimpArgs false`",
   "level": "warning"},
  {"message":
   "Algal/Expr/Theorems.lean:639:27: This simp argument is unused:\n  Binary64.admit\n\nHint: Omit it from the simp argument list.\n  [apply] simp (decide := true) [Except.bind, Except.map, eval, itemsFromList, machine, postCheck, R_bind_eq, R_pure_eq,\n    charge, baseCost, checkArity, checkValue, valueBytes, bytesItems, bytesFields, addValueBytes, itemsLength,\n    itemsReverse, itemsReverseAux, arityWant, liftE, fail, failWith, charged, admitNum, numberOfNat, numFloat,\n    errUnmodeled]\n\nNote: This linter can be disabled with `set_option linter.unusedSimpArgs false`",
   "level": "warning"},
  {"message":
   "Algal/Expr/Theorems.lean:646:25: This simp argument is unused:\n  Except.bind\n\nHint: Omit it from the simp argument list.\n  [apply] simp (decide := true) [Except.map, eval, itemsFromList, machine, postCheck, R_bind_eq, R_pure_eq, charge,\n    baseCost, checkArity, checkValue, valueBytes, bytesItems, bytesFields, addValueBytes, itemsLength, itemsReverse,\n    itemsReverseAux, arityWant, liftE, fail, failWith, charged, admitNum, numberOfNat, numFloat, Binary64.admit,\n    errUnmodeled]\n\nNote: This linter can be disabled with `set_option linter.unusedSimpArgs false`",
   "level": "warning"},
  {"message":
   "Algal/Expr/Theorems.lean:646:38: This simp argument is unused:\n  Except.map\n\nHint: Omit it from the simp argument list.\n  [apply] simp (decide := true) [Except.bind, eval, itemsFromList, machine, postCheck, R_bind_eq, R_pure_eq, charge,\n    baseCost, checkArity, checkValue, valueBytes, bytesItems, bytesFields, addValueBytes, itemsLength, itemsReverse,\n    itemsReverseAux, arityWant, liftE, fail, failWith, charged, admitNum, numberOfNat, numFloat, Binary64.admit,\n    errUnmodeled]\n\nNote: This linter can be disabled with `set_option linter.unusedSimpArgs false`",
   "level": "warning"},
  {"message":
   "Algal/Expr/Theorems.lean:647:33: This simp argument is unused:\n  checkArity\n\nHint: Omit it from the simp argument list.\n  [apply] simp (decide := true) [Except.bind, Except.map, eval, itemsFromList, machine, postCheck, R_bind_eq, R_pure_eq,\n    charge, baseCost, checkValue, valueBytes, bytesItems, bytesFields, addValueBytes, itemsLength, itemsReverse,\n    itemsReverseAux, arityWant, liftE, fail, failWith, charged, admitNum, numberOfNat, numFloat, Binary64.admit,\n    errUnmodeled]\n\nNote: This linter can be disabled with `set_option linter.unusedSimpArgs false`",
   "level": "warning"},
  {"message":
   "Algal/Expr/Theorems.lean:647:57: This simp argument is unused:\n  valueBytes\n\nHint: Omit it from the simp argument list.\n  [apply] simp (decide := true) [Except.bind, Except.map, eval, itemsFromList, machine, postCheck, R_bind_eq, R_pure_eq,\n    charge, baseCost, checkArity, checkValue, bytesItems, bytesFields, addValueBytes, itemsLength, itemsReverse,\n    itemsReverseAux, arityWant, liftE, fail, failWith, charged, admitNum, numberOfNat, numFloat, Binary64.admit,\n    errUnmodeled]\n\nNote: This linter can be disabled with `set_option linter.unusedSimpArgs false`",
   "level": "warning"},
  {"message":
   "Algal/Expr/Theorems.lean:648:4: This simp argument is unused:\n  bytesItems\n\nHint: Omit it from the simp argument list.\n  [apply] simp (decide := true) [Except.bind, Except.map, eval, itemsFromList, machine, postCheck, R_bind_eq, R_pure_eq,\n    charge, baseCost, checkArity, checkValue, valueBytes, bytesFields, addValueBytes, itemsLength, itemsReverse,\n    itemsReverseAux, arityWant, liftE, fail, failWith, charged, admitNum, numberOfNat, numFloat, Binary64.admit,\n    errUnmodeled]\n\nNote: This linter can be disabled with `set_option linter.unusedSimpArgs false`",
   "level": "warning"},
  {"message":
   "Algal/Expr/Theorems.lean:648:16: This simp argument is unused:\n  bytesFields\n\nHint: Omit it from the simp argument list.\n  [apply] simp (decide := true) [Except.bind, Except.map, eval, itemsFromList, machine, postCheck, R_bind_eq, R_pure_eq,\n    charge, baseCost, checkArity, checkValue, valueBytes, bytesItems, addValueBytes, itemsLength, itemsReverse,\n    itemsReverseAux, arityWant, liftE, fail, failWith, charged, admitNum, numberOfNat, numFloat, Binary64.admit,\n    errUnmodeled]\n\nNote: This linter can be disabled with `set_option linter.unusedSimpArgs false`",
   "level": "warning"},
  {"message":
   "Algal/Expr/Theorems.lean:648:29: This simp argument is unused:\n  addValueBytes\n\nHint: Omit it from the simp argument list.\n  [apply] simp (decide := true) [Except.bind, Except.map, eval, itemsFromList, machine, postCheck, R_bind_eq, R_pure_eq,\n    charge, baseCost, checkArity, checkValue, valueBytes, bytesItems, bytesFields, itemsLength, itemsReverse,\n    itemsReverseAux, arityWant, liftE, fail, failWith, charged, admitNum, numberOfNat, numFloat, Binary64.admit,\n    errUnmodeled]\n\nNote: This linter can be disabled with `set_option linter.unusedSimpArgs false`",
   "level": "warning"},
  {"message":
   "Algal/Expr/Theorems.lean:648:44: This simp argument is unused:\n  itemsLength\n\nHint: Omit it from the simp argument list.\n  [apply] simp (decide := true) [Except.bind, Except.map, eval, itemsFromList, machine, postCheck, R_bind_eq, R_pure_eq,\n    charge, baseCost, checkArity, checkValue, valueBytes, bytesItems, bytesFields, addValueBytes, itemsReverse,\n    itemsReverseAux, arityWant, liftE, fail, failWith, charged, admitNum, numberOfNat, numFloat, Binary64.admit,\n    errUnmodeled]\n\nNote: This linter can be disabled with `set_option linter.unusedSimpArgs false`",
   "level": "warning"},
  {"message":
   "Algal/Expr/Theorems.lean:648:57: This simp argument is unused:\n  itemsReverse\n\nHint: Omit it from the simp argument list.\n  [apply] simp (decide := true) [Except.bind, Except.map, eval, itemsFromList, machine, postCheck, R_bind_eq, R_pure_eq,\n    charge, baseCost, checkArity, checkValue, valueBytes, bytesItems, bytesFields, addValueBytes, itemsLength,\n    itemsReverseAux, arityWant, liftE, fail, failWith, charged, admitNum, numberOfNat, numFloat, Binary64.admit,\n    errUnmodeled]\n\nNote: This linter can be disabled with `set_option linter.unusedSimpArgs false`",
   "level": "warning"},
  {"message":
   "Algal/Expr/Theorems.lean:649:4: This simp argument is unused:\n  itemsReverseAux\n\nHint: Omit it from the simp argument list.\n  [apply] simp (decide := true) [Except.bind, Except.map, eval, itemsFromList, machine, postCheck, R_bind_eq, R_pure_eq,\n    charge, baseCost, checkArity, checkValue, valueBytes, bytesItems, bytesFields, addValueBytes, itemsLength,\n    itemsReverse, arityWant, liftE, fail, failWith, charged, admitNum, numberOfNat, numFloat, Binary64.admit,\n    errUnmodeled]\n\nNote: This linter can be disabled with `set_option linter.unusedSimpArgs false`",
   "level": "warning"},
  {"message":
   "Algal/Expr/Theorems.lean:649:21: This simp argument is unused:\n  arityWant\n\nHint: Omit it from the simp argument list.\n  [apply] simp (decide := true) [Except.bind, Except.map, eval, itemsFromList, machine, postCheck, R_bind_eq, R_pure_eq,\n    charge, baseCost, checkArity, checkValue, valueBytes, bytesItems, bytesFields, addValueBytes, itemsLength,\n    itemsReverse, itemsReverseAux, liftE, fail, failWith, charged, admitNum, numberOfNat, numFloat, Binary64.admit,\n    errUnmodeled]\n\nNote: This linter can be disabled with `set_option linter.unusedSimpArgs false`",
   "level": "warning"},
  {"message":
   "Algal/Expr/Theorems.lean:649:32: This simp argument is unused:\n  liftE\n\nHint: Omit it from the simp argument list.\n  [apply] simp (decide := true) [Except.bind, Except.map, eval, itemsFromList, machine, postCheck, R_bind_eq, R_pure_eq,\n    charge, baseCost, checkArity, checkValue, valueBytes, bytesItems, bytesFields, addValueBytes, itemsLength,\n    itemsReverse, itemsReverseAux, arityWant, fail, failWith, charged, admitNum, numberOfNat, numFloat, Binary64.admit,\n    errUnmodeled]\n\nNote: This linter can be disabled with `set_option linter.unusedSimpArgs false`",
   "level": "warning"},
  {"message":
   "Algal/Expr/Theorems.lean:649:45: This simp argument is unused:\n  failWith\n\nHint: Omit it from the simp argument list.\n  [apply] simp (decide := true) [Except.bind, Except.map, eval, itemsFromList, machine, postCheck, R_bind_eq, R_pure_eq,\n    charge, baseCost, checkArity, checkValue, valueBytes, bytesItems, bytesFields, addValueBytes, itemsLength,\n    itemsReverse, itemsReverseAux, arityWant, liftE, fail, charged, admitNum, numberOfNat, numFloat, Binary64.admit,\n    errUnmodeled]\n\nNote: This linter can be disabled with `set_option linter.unusedSimpArgs false`",
   "level": "warning"},
  {"message":
   "Algal/Expr/Theorems.lean:649:55: This simp argument is unused:\n  charged\n\nHint: Omit it from the simp argument list.\n  [apply] simp (decide := true) [Except.bind, Except.map, eval, itemsFromList, machine, postCheck, R_bind_eq, R_pure_eq,\n    charge, baseCost, checkArity, checkValue, valueBytes, bytesItems, bytesFields, addValueBytes, itemsLength,\n    itemsReverse, itemsReverseAux, arityWant, liftE, fail, failWith, admitNum, numberOfNat, numFloat, Binary64.admit,\n    errUnmodeled]\n\nNote: This linter can be disabled with `set_option linter.unusedSimpArgs false`",
   "level": "warning"},
  {"message":
   "Algal/Expr/Theorems.lean:649:64: This simp argument is unused:\n  admitNum\n\nHint: Omit it from the simp argument list.\n  [apply] simp (decide := true) [Except.bind, Except.map, eval, itemsFromList, machine, postCheck, R_bind_eq, R_pure_eq,\n    charge, baseCost, checkArity, checkValue, valueBytes, bytesItems, bytesFields, addValueBytes, itemsLength,\n    itemsReverse, itemsReverseAux, arityWant, liftE, fail, failWith, charged, numberOfNat, numFloat, Binary64.admit,\n    errUnmodeled]\n\nNote: This linter can be disabled with `set_option linter.unusedSimpArgs false`",
   "level": "warning"},
  {"message":
   "Algal/Expr/Theorems.lean:650:17: This simp argument is unused:\n  numFloat\n\nHint: Omit it from the simp argument list.\n  [apply] simp (decide := true) [Except.bind, Except.map, eval, itemsFromList, machine, postCheck, R_bind_eq, R_pure_eq,\n    charge, baseCost, checkArity, checkValue, valueBytes, bytesItems, bytesFields, addValueBytes, itemsLength,\n    itemsReverse, itemsReverseAux, arityWant, liftE, fail, failWith, charged, admitNum, numberOfNat, Binary64.admit,\n    errUnmodeled]\n\nNote: This linter can be disabled with `set_option linter.unusedSimpArgs false`",
   "level": "warning"},
  {"message":
   "Algal/Expr/Theorems.lean:656:25: This simp argument is unused:\n  Except.bind\n\nHint: Omit it from the simp argument list.\n  [apply] simp (decide := true) [Except.map, eval, itemsFromList, machine, postCheck, R_bind_eq, R_pure_eq, charge,\n    baseCost, checkArity, checkValue, valueBytes, bytesItems, bytesFields, addValueBytes, itemsLength, itemsReverse,\n    itemsReverseAux, arityWant, liftE, fail, failWith, charged, admitNum, numberOfNat, numFloat, Binary64.admit, errOp]\n\nNote: This linter can be disabled with `set_option linter.unusedSimpArgs false`",
   "level": "warning"},
  {"message":
   "Algal/Expr/Theorems.lean:656:38: This simp argument is unused:\n  Except.map\n\nHint: Omit it from the simp argument list.\n  [apply] simp (decide := true) [Except.bind, eval, itemsFromList, machine, postCheck, R_bind_eq, R_pure_eq, charge,\n    baseCost, checkArity, checkValue, valueBytes, bytesItems, bytesFields, addValueBytes, itemsLength, itemsReverse,\n    itemsReverseAux, arityWant, liftE, fail, failWith, charged, admitNum, numberOfNat, numFloat, Binary64.admit, errOp]\n\nNote: This linter can be disabled with `set_option linter.unusedSimpArgs false`",
   "level": "warning"},
  {"message":
   "Algal/Expr/Theorems.lean:657:33: This simp argument is unused:\n  checkArity\n\nHint: Omit it from the simp argument list.\n  [apply] simp (decide := true) [Except.bind, Except.map, eval, itemsFromList, machine, postCheck, R_bind_eq, R_pure_eq,\n    charge, baseCost, checkValue, valueBytes, bytesItems, bytesFields, addValueBytes, itemsLength, itemsReverse,\n    itemsReverseAux, arityWant, liftE, fail, failWith, charged, admitNum, numberOfNat, numFloat, Binary64.admit, errOp]\n\nNote: This linter can be disabled with `set_option linter.unusedSimpArgs false`",
   "level": "warning"},
  {"message":
   "Algal/Expr/Theorems.lean:657:57: This simp argument is unused:\n  valueBytes\n\nHint: Omit it from the simp argument list.\n  [apply] simp (decide := true) [Except.bind, Except.map, eval, itemsFromList, machine, postCheck, R_bind_eq, R_pure_eq,\n    charge, baseCost, checkArity, checkValue, bytesItems, bytesFields, addValueBytes, itemsLength, itemsReverse,\n    itemsReverseAux, arityWant, liftE, fail, failWith, charged, admitNum, numberOfNat, numFloat, Binary64.admit, errOp]\n\nNote: This linter can be disabled with `set_option linter.unusedSimpArgs false`",
   "level": "warning"},
  {"message":
   "Algal/Expr/Theorems.lean:658:4: This simp argument is unused:\n  bytesItems\n\nHint: Omit it from the simp argument list.\n  [apply] simp (decide := true) [Except.bind, Except.map, eval, itemsFromList, machine, postCheck, R_bind_eq, R_pure_eq,\n    charge, baseCost, checkArity, checkValue, valueBytes, bytesFields, addValueBytes, itemsLength, itemsReverse,\n    itemsReverseAux, arityWant, liftE, fail, failWith, charged, admitNum, numberOfNat, numFloat, Binary64.admit, errOp]\n\nNote: This linter can be disabled with `set_option linter.unusedSimpArgs false`",
   "level": "warning"},
  {"message":
   "Algal/Expr/Theorems.lean:658:16: This simp argument is unused:\n  bytesFields\n\nHint: Omit it from the simp argument list.\n  [apply] simp (decide := true) [Except.bind, Except.map, eval, itemsFromList, machine, postCheck, R_bind_eq, R_pure_eq,\n    charge, baseCost, checkArity, checkValue, valueBytes, bytesItems, addValueBytes, itemsLength, itemsReverse,\n    itemsReverseAux, arityWant, liftE, fail, failWith, charged, admitNum, numberOfNat, numFloat, Binary64.admit, errOp]\n\nNote: This linter can be disabled with `set_option linter.unusedSimpArgs false`",
   "level": "warning"},
  {"message":
   "Algal/Expr/Theorems.lean:658:29: This simp argument is unused:\n  addValueBytes\n\nHint: Omit it from the simp argument list.\n  [apply] simp (decide := true) [Except.bind, Except.map, eval, itemsFromList, machine, postCheck, R_bind_eq, R_pure_eq,\n    charge, baseCost, checkArity, checkValue, valueBytes, bytesItems, bytesFields, itemsLength, itemsReverse,\n    itemsReverseAux, arityWant, liftE, fail, failWith, charged, admitNum, numberOfNat, numFloat, Binary64.admit, errOp]\n\nNote: This linter can be disabled with `set_option linter.unusedSimpArgs false`",
   "level": "warning"},
  {"message":
   "Algal/Expr/Theorems.lean:658:44: This simp argument is unused:\n  itemsLength\n\nHint: Omit it from the simp argument list.\n  [apply] simp (decide := true) [Except.bind, Except.map, eval, itemsFromList, machine, postCheck, R_bind_eq, R_pure_eq,\n    charge, baseCost, checkArity, checkValue, valueBytes, bytesItems, bytesFields, addValueBytes, itemsReverse,\n    itemsReverseAux, arityWant, liftE, fail, failWith, charged, admitNum, numberOfNat, numFloat, Binary64.admit, errOp]\n\nNote: This linter can be disabled with `set_option linter.unusedSimpArgs false`",
   "level": "warning"},
  {"message":
   "Algal/Expr/Theorems.lean:658:57: This simp argument is unused:\n  itemsReverse\n\nHint: Omit it from the simp argument list.\n  [apply] simp (decide := true) [Except.bind, Except.map, eval, itemsFromList, machine, postCheck, R_bind_eq, R_pure_eq,\n    charge, baseCost, checkArity, checkValue, valueBytes, bytesItems, bytesFields, addValueBytes, itemsLength,\n    itemsReverseAux, arityWant, liftE, fail, failWith, charged, admitNum, numberOfNat, numFloat, Binary64.admit, errOp]\n\nNote: This linter can be disabled with `set_option linter.unusedSimpArgs false`",
   "level": "warning"},
  {"message":
   "Algal/Expr/Theorems.lean:659:4: This simp argument is unused:\n  itemsReverseAux\n\nHint: Omit it from the simp argument list.\n  [apply] simp (decide := true) [Except.bind, Except.map, eval, itemsFromList, machine, postCheck, R_bind_eq, R_pure_eq,\n    charge, baseCost, checkArity, checkValue, valueBytes, bytesItems, bytesFields, addValueBytes, itemsLength,\n    itemsReverse, arityWant, liftE, fail, failWith, charged, admitNum, numberOfNat, numFloat, Binary64.admit, errOp]\n\nNote: This linter can be disabled with `set_option linter.unusedSimpArgs false`",
   "level": "warning"},
  {"message":
   "Algal/Expr/Theorems.lean:659:21: This simp argument is unused:\n  arityWant\n\nHint: Omit it from the simp argument list.\n  [apply] simp (decide := true) [Except.bind, Except.map, eval, itemsFromList, machine, postCheck, R_bind_eq, R_pure_eq,\n    charge, baseCost, checkArity, checkValue, valueBytes, bytesItems, bytesFields, addValueBytes, itemsLength,\n    itemsReverse, itemsReverseAux, liftE, fail, failWith, charged, admitNum, numberOfNat, numFloat, Binary64.admit,\n    errOp]\n\nNote: This linter can be disabled with `set_option linter.unusedSimpArgs false`",
   "level": "warning"},
  {"message":
   "Algal/Expr/Theorems.lean:659:32: This simp argument is unused:\n  liftE\n\nHint: Omit it from the simp argument list.\n  [apply] simp (decide := true) [Except.bind, Except.map, eval, itemsFromList, machine, postCheck, R_bind_eq, R_pure_eq,\n    charge, baseCost, checkArity, checkValue, valueBytes, bytesItems, bytesFields, addValueBytes, itemsLength,\n    itemsReverse, itemsReverseAux, arityWant, fail, failWith, charged, admitNum, numberOfNat, numFloat, Binary64.admit,\n    errOp]\n\nNote: This linter can be disabled with `set_option linter.unusedSimpArgs false`",
   "level": "warning"},
  {"message":
   "Algal/Expr/Theorems.lean:659:45: This simp argument is unused:\n  failWith\n\nHint: Omit it from the simp argument list.\n  [apply] simp (decide := true) [Except.bind, Except.map, eval, itemsFromList, machine, postCheck, R_bind_eq, R_pure_eq,\n    charge, baseCost, checkArity, checkValue, valueBytes, bytesItems, bytesFields, addValueBytes, itemsLength,\n    itemsReverse, itemsReverseAux, arityWant, liftE, fail, charged, admitNum, numberOfNat, numFloat, Binary64.admit,\n    errOp]\n\nNote: This linter can be disabled with `set_option linter.unusedSimpArgs false`",
   "level": "warning"},
  {"message":
   "Algal/Expr/Theorems.lean:659:55: This simp argument is unused:\n  charged\n\nHint: Omit it from the simp argument list.\n  [apply] simp (decide := true) [Except.bind, Except.map, eval, itemsFromList, machine, postCheck, R_bind_eq, R_pure_eq,\n    charge, baseCost, checkArity, checkValue, valueBytes, bytesItems, bytesFields, addValueBytes, itemsLength,\n    itemsReverse, itemsReverseAux, arityWant, liftE, fail, failWith, admitNum, numberOfNat, numFloat, Binary64.admit,\n    errOp]\n\nNote: This linter can be disabled with `set_option linter.unusedSimpArgs false`",
   "level": "warning"},
  {"message":
   "Algal/Expr/Theorems.lean:659:64: This simp argument is unused:\n  admitNum\n\nHint: Omit it from the simp argument list.\n  [apply] simp (decide := true) [Except.bind, Except.map, eval, itemsFromList, machine, postCheck, R_bind_eq, R_pure_eq,\n    charge, baseCost, checkArity, checkValue, valueBytes, bytesItems, bytesFields, addValueBytes, itemsLength,\n    itemsReverse, itemsReverseAux, arityWant, liftE, fail, failWith, charged, numberOfNat, numFloat, Binary64.admit,\n    errOp]\n\nNote: This linter can be disabled with `set_option linter.unusedSimpArgs false`",
   "level": "warning"},
  {"message":
   "Algal/Expr/Theorems.lean:660:17: This simp argument is unused:\n  numFloat\n\nHint: Omit it from the simp argument list.\n  [apply] simp (decide := true) [Except.bind, Except.map, eval, itemsFromList, machine, postCheck, R_bind_eq, R_pure_eq,\n    charge, baseCost, checkArity, checkValue, valueBytes, bytesItems, bytesFields, addValueBytes, itemsLength,\n    itemsReverse, itemsReverseAux, arityWant, liftE, fail, failWith, charged, admitNum, numberOfNat, Binary64.admit,\n    errOp]\n\nNote: This linter can be disabled with `set_option linter.unusedSimpArgs false`",
   "level": "warning"}],
 "inputs":
 [["deps",
   [["algalVerification/Algal:extraDep",
     [["@algalVerification:extraDep", "00000000000006bb"]]],
    ["imports",
     [["Algal.Expr.Eval transitive imports (legacy)", "62519b78fa6490d9"],
      ["Algal.Expr.Eval:importAllArts", "0f05c2733024465d"]]]]],
  ["libs",
   [["import dynlibs", "00000000000006bb"],
    ["package external libraries", "00000000000006bb"],
    ["module dynlibs", "00000000000006bb"],
    ["module plugins", "00000000000006bb"]]],
  ["Lean 4.34.0, commit 293d5d0c0c3f3dded4688b3ccd6a33939ac5102b",
   "a1c6c7aa3e9abfe7"],
  ["/Users/bg/Documents/algal/verify/lean/Algal/Expr/Theorems.lean",
   "6d17ac8200a8c133"],
  ["options", "00000000000006bb"],
  ["isModule: false", "feefd2a0d3a1847e"],
  ["Module.name: Algal.Expr.Theorems", "fe608320d1e4c8c5"],
  ["Package.id?: (some algalVerification)", "322e4bdf4ecfef12"],
  ["Module.leanArgs: #[--threads=1, --memory=1024]", "42b59798c0f2dde0"]],
 "depHash": "637e34aa6e224880"}